Date,Twitch_Avg_Viewers,Twitch_Peak_Viewers
2019-06-11,1,1
2019-06-14,7,7
2019-08-19,3,7
2019-10-24,2,4
2019-10-26,2,2
2019-11-07,2,2
2019-11-20,3,5
2019-11-22,1,2
2019-11-23,2,3
2019-12-13,130,202
2019-12-19,1,1
2020-03-05,3,5
2020-04-08,2,3
2020-04-27,1,1
2020-04-28,1,4
2020-04-29,1,4
2020-04-30,1,2
2020-05-01,1,2
2020-05-02,1,1
2020-05-07,52,126
2020-05-11,1,1
2020-05-13,77,87
2020-06-30,1,2
2020-07-18,2,3
2020-07-19,7,9
2020-07-23,73,103
2020-08-06,1,1
2020-09-15,90,90
2020-09-23,1,3
2020-09-26,1,1
2020-11-20,4,5
2020-12-10,2,5
2020-12-11,1,3
2020-12-12,2,8
2020-12-14,2,2
2020-12-24,4,5
2021-01-01,1,1
2021-01-02,2,2
2021-01-11,1,3
2021-01-12,1,1
2021-02-21,1,1
2021-02-25,2,4
2021-03-01,162,236
2021-03-02,5454,15266
2021-03-04,5406,12264
2021-03-05,23,24
2021-03-06,11,19
2021-03-10,180,180
2021-03-30,2,2
2021-04-02,1,1
2021-04-21,1,1
2021-04-29,5,6
2021-05-02,3,3
2021-05-04,19,20
2021-05-13,7,7
2021-05-22,1,1
2021-06-04,2,2
2021-06-05,2,2
2021-06-08,6,6
2021-06-10,5729,35307
2021-06-11,1432,15616
2021-06-12,2115,19151
2021-06-13,7,292
2021-06-14,4,26
2021-06-15,185,281
2021-06-16,69,255
2021-06-17,61,61
2021-06-18,7640,14342
2021-06-19,2244,13968
2021-06-21,11862,16131
2021-06-22,1,1
2021-06-24,7,10
2021-06-25,2,2
2021-06-26,6941,15301
2021-06-27,5165,16810
2021-06-29,1,2
2021-06-30,1,2
2021-07-01,7,7
2021-07-02,2851,17083
2021-07-03,9,16
2021-07-06,1431,14666
2021-07-10,27,36
2021-07-11,17,38
2021-07-12,9,14
2021-07-14,11,14
2021-07-15,14,25
2021-07-16,6,13
2021-07-23,8,17
2021-07-24,7,11
2021-07-28,3,6
2021-07-29,8,19
2021-07-30,10,22
2021-08-01,8,9
2021-08-02,17,36
2021-08-06,4,8
2021-08-07,4,10
2021-08-09,8,12
2021-08-10,8,11
2021-08-12,47,47
2021-08-13,6,10
2021-08-15,3,5
2021-08-20,9,12
2021-08-22,6,9
2021-08-24,8,14
2021-08-25,1,1
2021-08-27,11204,18870
2021-08-28,7366,19706
2021-08-29,1,1
2021-08-30,6,7
2021-08-31,7237,17619
2021-09-01,1,1
2021-09-03,26256,28473
2021-09-04,8,11
2021-09-07,3,5
2021-09-08,2,3
2021-09-09,3,3
2021-09-10,8,23
2021-09-11,3,5
2021-09-15,1,1
2021-09-19,3,6
2021-09-22,1,1
2021-10-03,2,3
2021-10-04,4,8
2021-10-06,1,1
2021-10-09,1,2
2021-10-10,4,8
2021-10-13,1,1
2021-10-18,2,3
2021-10-23,3,3
2021-10-28,2,3
2021-11-02,6,12
2021-11-04,13921,149758
2021-11-05,179,746
2021-11-06,399,4375
2021-11-07,7,23
2021-11-08,149,1755
2021-11-09,25,73
2021-11-10,8101,47384
2021-11-11,1727,17377
2021-11-12,37967,267951
2021-11-13,46823,216063
2021-11-14,18052,145816
2021-11-15,9367,75592
2021-11-16,164,621
2021-11-17,211,698
2021-11-18,60,403
2021-11-19,63,410
2021-11-20,52,126
2021-11-21,46,72
2021-11-22,168,3731
2021-11-23,16,38
2021-11-24,16,32
2021-11-25,17,31
2021-11-26,32,447
2021-11-27,162,433
2021-11-28,159,405
2021-11-29,116,425
2021-11-30,159,416
2021-12-01,127,395
2021-12-02,164,373
2021-12-03,47,342
2021-12-04,80,2285
2021-12-05,14,25
2021-12-06,26,160
2021-12-07,132,826
2021-12-08,11,21
2021-12-09,17,48
2021-12-10,64,141
2021-12-11,17,125
2021-12-12,33,316
2021-12-13,41,3696
2021-12-14,19,32
2021-12-15,26,68
2021-12-16,97,2755
2021-12-17,27,63
2021-12-18,29,118
2021-12-19,23,42
2021-12-20,21,33
2021-12-21,28,49
2021-12-22,22,32
2021-12-23,30,49
2021-12-24,29,52
2021-12-25,23,38
2021-12-26,25,45
2021-12-27,23,35
2021-12-28,27,49
2021-12-29,26,37
2021-12-30,25,42
2021-12-31,28,44
2022-01-01,33,53
2022-01-02,34,50
2022-01-03,33,57
2022-01-04,31,50
2022-01-05,36,64
2022-01-06,38,65
2022-01-07,37,62
2022-01-08,38,62
2022-01-09,47,66
2022-01-10,40,57
2022-01-11,42,63
2022-01-12,36,66
2022-01-13,40,98
2022-01-14,40,65
2022-01-15,39,62
2022-01-16,42,67
2022-01-17,45,63
2022-01-18,41,62
2022-01-19,46,61
2022-01-20,70,338
2022-01-21,119,388
2022-01-22,49,74
2022-01-23,69,781
2022-01-24,203,4474
2022-01-25,189,993
2022-01-26,57,81
2022-01-27,53,75
2022-01-28,255,1740
2022-01-29,2225,23552
2022-01-30,2426,25127
2022-01-31,101,273
2022-02-01,72,108
2022-02-02,67,107
2022-02-03,62,99
2022-02-04,66,99
2022-02-05,68,114
2022-02-06,79,110
2022-02-07,72,110
2022-02-08,185,1255
2022-02-09,71,112
2022-02-10,1267,51637
2022-02-11,93,187
2022-02-12,86,130
2022-02-13,145,1383
2022-02-14,106,200
2022-02-15,120,186
2022-02-16,152,252
2022-02-17,604,4394
2022-02-18,341,2403
2022-02-19,56757,245122
2022-02-20,798,7990
2022-02-21,791,1397
2022-02-22,1657,6611
2022-02-23,4273,31000
2022-02-24,306175,860327
2022-02-25,654596,910225
2022-02-26,559256,713333
2022-02-27,492548,665991
2022-02-28,396832,573359
2022-03-01,364927,518334
2022-03-02,343613,491797
2022-03-03,304003,424237
2022-03-04,294757,421361
2022-03-05,284577,451242
2022-03-06,246110,359835
2022-03-07,238972,381192
2022-03-08,233060,333731
2022-03-09,217608,354068
2022-03-10,196943,337615
2022-03-11,192114,268100
2022-03-12,190035,300893
2022-03-13,183771,329335
2022-03-14,151855,245979
2022-03-15,164345,236891
2022-03-16,157889,258786
2022-03-17,151302,226265
2022-03-18,144167,200850
2022-03-19,131174,221029
2022-03-20,135437,225298
2022-03-21,134847,201718
2022-03-22,133919,197898
2022-03-23,120633,190510
2022-03-24,116301,164692
2022-03-25,98544,166663
2022-03-26,97436,157789
2022-03-27,112839,192728
2022-03-28,83640,110066
2022-03-29,84259,147875
2022-03-30,78281,145712
2022-03-31,84699,121049
2022-04-01,75986,102065
2022-04-02,81834,120527
2022-04-03,74319,128951
2022-04-04,69664,101416
2022-04-05,67958,91009
2022-04-06,70575,112465
2022-04-07,67847,96707
2022-04-08,76113,245285
2022-04-09,76387,110692
2022-04-10,84118,290253
2022-04-11,63065,105452
2022-04-12,62688,87164
2022-04-13,56283,92858
2022-04-14,61802,93008
2022-04-15,49027,80508
2022-04-16,52273,95015
2022-04-17,50632,94914
2022-04-18,41657,69061
2022-04-19,48899,72927
2022-04-20,40908,62473
2022-04-21,44183,68398
2022-04-22,40789,68490
2022-04-23,40052,67129
2022-04-24,39928,64643
2022-04-25,35967,65272
2022-04-26,34617,56505
2022-04-27,33488,54541
2022-04-28,32079,52593
2022-04-29,34464,76287
2022-04-30,29165,75090
2022-05-01,33470,58039
2022-05-02,29301,51779
2022-05-03,29156,50834
2022-05-04,31724,53221
2022-05-05,29947,50663
2022-05-06,28704,42387
2022-05-07,23214,38905
2022-05-08,21738,41487
2022-05-09,26496,59938
2022-05-10,25291,48820
2022-05-11,24084,42602
2022-05-12,22321,37165
2022-05-13,16765,28475
2022-05-14,17637,27615
2022-05-15,25374,58181
2022-05-16,26348,50669
2022-05-17,22538,37602
2022-05-18,24487,56453
2022-05-19,23198,43480
2022-05-20,14686,28224
2022-05-21,22198,80970
2022-05-22,21128,46044
2022-05-23,19483,37162
2022-05-24,21214,36652
2022-05-25,22933,159186
2022-05-26,22249,44831
2022-05-27,21531,97454
2022-05-28,18348,34884
2022-05-29,28247,90781
2022-05-30,20245,42935
2022-05-31,18429,98732
2022-06-01,44502,158689
2022-06-02,18585,66930
2022-06-03,15605,28729
2022-06-04,12585,17778
2022-06-05,14729,26525
2022-06-06,14471,29919
2022-06-07,18910,47310
2022-06-08,14438,28577
2022-06-09,14438,25189
2022-06-10,11263,19247
2022-06-11,11813,23439
2022-06-12,10709,18226
2022-06-13,13093,26346
2022-06-14,10418,22729
2022-06-15,10576,15273
2022-06-16,13992,34319
2022-06-17,10388,26523
2022-06-18,10459,23224
2022-06-19,11254,29774
2022-06-20,10189,21388
2022-06-21,12879,26766
2022-06-22,11942,22201
2022-06-23,13504,26539
2022-06-24,12386,27692
2022-06-25,11918,22981
2022-06-26,9952,15907
2022-06-27,7534,15143
2022-06-28,6901,11676
2022-06-29,7173,16616
2022-06-30,5832,10822
2022-07-01,5939,12877
2022-07-02,5604,10769
2022-07-03,23182,108455
2022-07-04,6091,11004
2022-07-05,8170,23441
2022-07-06,6909,16056
2022-07-07,10180,24649
2022-07-08,6906,16334
2022-07-09,6397,10587
2022-07-10,7287,16139
2022-07-11,7984,25135
2022-07-12,7881,20036
2022-07-13,9360,21212
2022-07-14,10466,22653
2022-07-15,7016,19723
2022-07-16,5559,8710
2022-07-17,8213,21286
2022-07-18,5371,13169
2022-07-19,4869,8665
2022-07-20,7271,7271
2022-07-21,7148,13769
2022-07-22,7036,17403
2022-07-23,8743,16602
2022-07-24,10705,31429
2022-07-25,6756,17456
2022-07-26,7103,12189
2022-07-27,9756,13672
2022-07-28,8092,13264
2022-07-29,5296,8757
2022-07-30,19458,43079
2022-07-31,6714,16766
2022-08-01,5664,12125
2022-08-02,6673,12602
2022-08-03,6189,14766
2022-08-04,9585,20898
2022-08-05,7391,17489
2022-08-06,5125,9469
2022-08-07,9430,19926
2022-08-08,10111,34509
2022-08-09,7413,18608
2022-08-10,10278,21883
2022-08-11,7568,21115
2022-08-12,5251,18274
2022-08-13,8882,52999
2022-08-14,4668,14588
2022-08-15,4090,5991
2022-08-16,12379,76739
2022-08-17,7349,11353
2022-08-18,5369,9526
2022-08-19,10298,69913
2022-08-20,7679,20486
2022-08-21,13673,78285
2022-08-22,6177,62501
2022-08-23,8696,59421
2022-08-24,4843,14016
2022-08-25,5340,12416
2022-08-26,4854,10046
2022-08-27,6322,21776
2022-08-28,5761,11957
2022-08-29,4893,12073
2022-08-30,6723,11580
2022-08-31,7036,14681
2022-09-01,7343,16814
2022-09-02,6809,14123
2022-09-03,5561,13324
2022-09-04,9094,16993
2022-09-05,11077,20182
2022-09-06,10850,21552
2022-09-07,13401,25706
2022-09-08,4808,8860
2022-09-09,8411,19003
2022-09-10,12462,24758
2022-09-11,9835,20603
2022-09-12,8832,29200
2022-09-13,6951,20575
2022-09-14,8747,16869
2022-09-15,7461,18318
2022-09-16,4534,11157
2022-09-17,7332,16872
2022-09-18,7226,13560
2022-09-19,8034,20258
2022-09-20,6492,11902
2022-09-21,7019,17372
2022-09-22,7993,17611
2022-09-23,6115,13651
2022-09-24,7032,13749
2022-09-25,7938,16706
2022-09-26,4775,7221
2022-09-27,7876,15501
2022-09-28,5535,15992
2022-09-29,4437,13406
2022-09-30,5081,9449
2022-10-01,4406,7401
2022-10-02,4496,9050
2022-10-03,4374,11852
2022-10-04,5203,13656
2022-10-05,6327,14370
2022-10-06,6654,14545
2022-10-07,3901,13033
2022-10-08,3263,10342
2022-10-09,4047,14329
2022-10-10,3976,7918
2022-10-11,4776,11359
2022-10-12,5384,25953
2022-10-13,5316,12715
2022-10-14,4709,9895
2022-10-15,4413,6115
2022-10-16,3859,10545
2022-10-17,4492,5939
2022-10-18,3256,5339
2022-10-19,3666,5354
2022-10-20,6107,9900
2022-10-21,3407,8586
2022-10-22,4810,11193
2022-10-23,5532,9090
2022-10-24,3812,8702
2022-10-25,6505,11154
2022-10-26,3718,6182
2022-10-27,7135,14257
2022-10-28,4663,20460
2022-10-29,3756,5622
2022-10-30,4273,13224
2022-10-31,3140,4841
2022-11-01,2614,5221
2022-11-02,3097,9810
2022-11-03,3915,9541
2022-11-04,4782,8986
2022-11-05,3936,8143
2022-11-06,5310,9887
2022-11-07,4725,9670
2022-11-08,3569,7338
2022-11-09,3010,6901
2022-11-10,4039,8255
2022-11-11,4483,9762
2022-11-12,4028,9508
2022-11-13,4613,11070
2022-11-14,4248,11009
2022-11-15,4258,8165
2022-11-16,4581,17529
2022-11-17,3188,5739
2022-11-18,3745,6346
2022-11-19,3120,7576
2022-11-20,3582,6660
2022-11-21,5155,34706
2022-11-22,5900,28216
2022-11-23,6846,26679
2022-11-24,4312,23786
2022-11-25,3862,27856
2022-11-26,8376,26869
2022-11-27,6267,23758
2022-11-28,3253,7511
2022-11-29,3533,6400
2022-11-30,3766,8617
2022-12-01,3659,13797
2022-12-02,5023,11356
2022-12-03,3822,7406
2022-12-04,3896,45056
2022-12-05,6571,41505
2022-12-06,6430,42167
2022-12-07,20229,64811
2022-12-08,9592,20030
2022-12-09,6362,12997
2022-12-10,7330,14724
2022-12-11,11328,31301
2022-12-12,16368,34683
2022-12-13,10379,35001
2022-12-14,7484,17893
2022-12-15,7478,14534
2022-12-16,7941,11897
2022-12-17,10574,27431
2022-12-18,9980,28884
2022-12-19,7257,16266
2022-12-20,9690,25596
2022-12-21,9322,25049
2022-12-22,9134,24848
2022-12-23,9382,24452
2022-12-24,8469,21783
2022-12-25,9911,26930
2022-12-26,12522,35323
2022-12-27,11345,28858
2022-12-28,13229,23867
2022-12-29,12733,30804
2022-12-30,14164,30983
2022-12-31,11829,28463
2023-01-01,17368,39978
2023-01-02,25099,73873
2023-01-03,24913,52377
2023-01-04,23267,53979
2023-01-05,14523,55125
2023-01-06,15610,50275
2023-01-07,21469,39400
2023-01-08,15240,42579
2023-01-09,17787,29430
2023-01-10,15560,33478
2023-01-11,13269,19816
2023-01-12,17418,25644
2023-01-13,21987,46116
2023-01-14,33255,56581
2023-01-15,23785,46963
2023-01-16,17019,41504
2023-01-17,14718,23415
2023-01-18,18787,28124
2023-01-19,13148,23031
2023-01-20,17006,43112
2023-01-21,18453,41421
2023-01-22,26603,51176
2023-01-23,22110,40581
2023-01-24,17851,33143
2023-01-25,9643,16678
2023-01-26,10886,24162
2023-01-27,18007,27329
2023-01-28,13481,30245
2023-01-29,20532,42844
2023-01-30,16417,29485
2023-01-31,12078,22803
2023-02-01,18441,29877
2023-02-02,13369,25767
2023-02-03,15544,33914
2023-02-04,16347,32176
2023-02-05,16341,32694
2023-02-06,12436,28816
2023-02-07,10568,17242
2023-02-08,10131,16151
2023-02-09,8853,15204
2023-02-10,8336,19797
2023-02-11,8035,19713
2023-02-12,8532,13129
2023-02-13,10591,23270
2023-02-14,10135,26346
2023-02-15,9609,26880
2023-02-16,14741,34253
2023-02-17,13128,29069
2023-02-18,14120,36579
2023-02-19,13923,33151
2023-02-20,12361,34503
2023-02-21,17877,111211
2023-02-22,24541,101416
2023-02-23,21761,96810
2023-02-24,15602,94638
2023-02-25,10411,26898
2023-02-26,19925,43554
2023-02-27,19619,58622
2023-02-28,20872,43272
2023-03-01,19408,34582
2023-03-02,18909,28729
2023-03-03,13894,38547
2023-03-04,15771,50319
2023-03-05,17846,47264
2023-03-06,18961,68522
2023-03-07,18604,49057
2023-03-08,18313,54709
2023-03-09,17940,45141
2023-03-10,16574,45745
2023-03-11,13976,25115
2023-03-12,24555,121227
2023-03-13,15544,34397
2023-03-14,13909,39057
2023-03-15,10703,30275
2023-03-16,14091,23337
2023-03-17,9153,17766
2023-03-18,11441,23379
2023-03-19,13575,30619
2023-03-20,14308,57164
2023-03-21,17570,57096
2023-03-22,15643,50462
2023-03-23,13495,45336
2023-03-24,13488,36521
2023-03-25,11119,31430
2023-03-26,8516,17805
2023-03-27,10610,43403
2023-03-28,17024,44010
2023-03-29,18245,46542
2023-03-30,14235,31018
2023-03-31,12281,27212
2023-04-01,9729,23915
2023-04-02,17350,55458
2023-04-03,11440,37631
2023-04-04,15542,38474
2023-04-05,10686,42563
2023-04-06,14015,30640
2023-04-07,12923,28633
2023-04-08,11839,44709
2023-04-09,17689,33174
2023-04-10,12820,38583
2023-04-11,16768,44820
2023-04-12,13114,41957
2023-04-13,14563,55318
2023-04-14,20121,38721
2023-04-15,18616,28115
2023-04-16,14223,46240
2023-04-17,13242,28420
2023-04-18,10772,24779
2023-04-19,14771,37379
2023-04-20,8616,22063
2023-04-21,7188,15847
2023-04-22,8008,18972
2023-04-23,5754,15163
2023-04-24,7512,21802
2023-04-25,7100,15721
2023-04-26,7834,14410
2023-04-27,5888,14247
2023-04-28,5237,11994
2023-04-29,6111,12820
2023-04-30,7731,16215
2023-05-01,10141,21793
2023-05-02,7195,13572
2023-05-03,6859,15679
2023-05-04,6259,14790
2023-05-05,6379,11771
2023-05-06,5515,11456
2023-05-07,6623,19522
2023-05-08,6088,12472
2023-05-09,6809,14590
2023-05-10,6462,11591
2023-05-11,6065,14451
2023-05-12,5863,17216
2023-05-13,4444,10273
2023-05-14,4157,5799
2023-05-15,5866,10823
2023-05-16,7877,21104
2023-05-17,6064,13613
2023-05-18,8250,22967
2023-05-19,8129,19488
2023-05-20,6524,11711
2023-05-21,8302,16918
2023-05-22,6503,15576
2023-05-23,6353,15150
2023-05-24,8103,15893
2023-05-25,6142,11755
2023-05-26,6750,13912
2023-05-27,6700,15387
2023-05-28,8230,12962
2023-05-29,7304,15285
2023-05-30,4807,9053
2023-05-31,4126,7573
2023-06-01,7330,15703
2023-06-02,4684,15295
2023-06-03,4739,13973
2023-06-04,11149,87620
2023-06-05,5028,10769
2023-06-06,5094,10571
2023-06-07,4524,6981
2023-06-08,3999,8703
2023-06-09,3241,7405
2023-06-10,4594,10049
2023-06-11,4355,9163
2023-06-12,5811,13739
2023-06-13,5508,12733
2023-06-14,5271,14967
2023-06-15,5559,13530
2023-06-16,6204,17227
2023-06-17,6505,17626
2023-06-18,6562,14493
2023-06-19,6928,13915
2023-06-20,4882,11778
2023-06-21,8158,57540
2023-06-22,4413,9217
2023-06-23,4900,10657
2023-06-24,4223,9033
2023-06-25,6030,12232
2023-06-26,4788,8104
2023-06-27,5383,8603
2023-06-28,4177,11221
2023-06-29,4360,10645
2023-06-30,5016,8477
2023-07-01,5005,7839
2023-07-02,6070,17744
2023-07-03,5162,10554
2023-07-04,5196,12832
2023-07-05,4725,9326
2023-07-06,4632,8897
2023-07-07,3462,7449
2023-07-08,7415,29744
2023-07-09,4623,6550
2023-07-10,7078,29173
2023-07-11,5084,11504
2023-07-12,4979,9549
2023-07-13,10006,36288
2023-07-14,5267,17527
2023-07-15,6404,11231
2023-07-16,5621,8764
2023-07-17,6306,16475
2023-07-18,9616,17909
2023-07-19,6670,13295
2023-07-20,5960,8950
2023-07-21,7642,20809
2023-07-22,7152,19389
2023-07-23,7781,13922
2023-07-24,8432,14250
2023-07-25,8236,13981
2023-07-26,7774,20911
2023-07-27,10646,26914
2023-07-28,7314,13741
2023-07-29,11283,20347
2023-07-30,7782,23127
2023-07-31,8147,22965
2023-08-01,9437,17573
2023-08-02,6808,14123
2023-08-03,8254,13263
2023-08-04,6398,13248
2023-08-05,5210,7958
2023-08-06,8152,13163
2023-08-07,5384,11313
2023-08-08,5272,8229
2023-08-09,3888,6752
2023-08-10,4602,9305
2023-08-11,3940,6412
2023-08-12,3937,6521
2023-08-13,4654,8519
2023-08-14,5489,11412
2023-08-15,7041,14125
2023-08-16,5451,10021
2023-08-17,5531,11064
2023-08-18,5245,11630
2023-08-19,5072,7917
2023-08-20,5079,8765
2023-08-21,6626,13695
2023-08-22,8602,26207
2023-08-23,5169,11457
2023-08-24,4928,9212
2023-08-25,3630,7647
2023-08-26,2604,4971
2023-08-27,3040,5825
2023-08-28,3230,5719
2023-08-29,7386,23929
2023-08-30,4355,7646
2023-08-31,3795,7441
2023-09-01,3839,6377
2023-09-02,3097,6462
2023-09-03,4364,9975
2023-09-04,3919,9529
2023-09-05,3618,8490
2023-09-06,2881,6918
2023-09-07,4336,7528
2023-09-08,5730,14358
2023-09-09,5338,11516
2023-09-10,4904,10908
2023-09-11,6281,14846
2023-09-12,5225,10990
2023-09-13,5340,14806
2023-09-14,5550,11798
2023-09-15,4875,10519
2023-09-16,3828,7901
2023-09-17,3893,11624
2023-09-18,4520,10865
2023-09-19,3390,8753
2023-09-20,3669,8083
2023-09-21,3226,6416
2023-09-22,2614,6848
2023-09-23,3859,7469
2023-09-24,3199,9557
2023-09-25,3264,7536
2023-09-26,3904,8556
2023-09-27,3520,6399
2023-09-28,5141,17678
2023-09-29,4211,10553
2023-09-30,4896,12561
2023-10-01,5653,15079
2023-10-02,3572,7776
2023-10-03,3212,10429
2023-10-04,2571,5243
2023-10-05,2253,4643
2023-10-06,2298,4310
2023-10-07,3557,13275
2023-10-08,4429,7470
2023-10-09,4082,6998
2023-10-10,4121,7378
2023-10-11,4192,7166
2023-10-12,3514,7662
2023-10-13,3001,11171
2023-10-14,3139,8246
2023-10-15,3074,5223
2023-10-16,3798,8871
2023-10-17,4861,12166
2023-10-18,4870,9855
2023-10-19,4052,11703
2023-10-20,4525,13520
2023-10-21,3485,6229
2023-10-22,3330,6596
2023-10-23,2723,5283
2023-10-24,3318,5885
2023-10-25,8138,41709
2023-10-26,6263,45810
2023-10-27,4166,7430
2023-10-28,3689,10160
2023-10-29,3709,5842
2023-10-30,3292,5978
2023-10-31,3836,9393
2023-11-01,4627,9520
2023-11-02,6560,15593
2023-11-03,3238,9920
2023-11-04,5751,14440
2023-11-05,3852,12048
2023-11-06,4551,7478
2023-11-07,3997,8205
2023-11-08,5476,12484
2023-11-09,5699,9915
2023-11-10,5986,11244
2023-11-11,6308,12414
2023-11-12,5627,9178
2023-11-13,5098,8519
2023-11-14,5257,10156
2023-11-15,5682,10912
2023-11-16,5718,11973
2023-11-17,3229,6176
2023-11-18,4680,7689
2023-11-19,6341,10101
2023-11-20,11925,35045
2023-11-21,11954,34813
2023-11-22,5398,12720
2023-11-23,13444,40162
2023-11-24,11258,35458
2023-11-25,9415,30417
2023-11-26,11144,37370
2023-11-27,12954,37870
2023-11-28,6786,11397
2023-11-29,6199,10318
2023-11-30,8598,17709
2023-12-01,8102,20408
2023-12-02,5002,9676
2023-12-03,4237,6212
2023-12-04,4978,10047
2023-12-05,7066,10946
2023-12-06,6056,11419
2023-12-07,4056,7406
2023-12-08,4746,9465
2023-12-09,4983,8957
2023-12-10,4279,7217
2023-12-11,5776,9402
2023-12-12,6265,10601
2023-12-13,6363,10176
2023-12-14,6378,9053
2023-12-15,5536,9235
2023-12-16,6274,12088
2023-12-17,4871,10958
2023-12-18,8982,18818
2023-12-19,5389,9479
2023-12-20,5927,8479
2023-12-21,6233,11741
2023-12-22,5397,10829
2023-12-23,5198,8076
2023-12-24,4319,8128
2023-12-25,4147,6943
2023-12-26,5411,14242
2023-12-27,6912,16227
2023-12-28,6642,11758
2023-12-29,6844,13096
2023-12-30,7268,14796
2023-12-31,11497,32150
2024-01-01,9051,16622
2024-01-02,7211,16908
2024-01-03,13037,36438
2024-01-04,8244,15785
2024-01-05,7222,15073
2024-01-06,10735,26840
2024-01-07,13242,30223
2024-01-08,6749,11529
2024-01-09,7791,12949
2024-01-10,10974,29328
2024-01-11,8763,16959
2024-01-12,12474,36595
2024-01-13,8134,22111
2024-01-14,10323,29554
2024-01-15,6908,12894
2024-01-16,6453,23176
2024-01-17,12007,23834
2024-01-18,6255,9771
2024-01-19,5863,19112
2024-01-20,8706,103737
2024-01-21,7884,11905
2024-01-22,6003,11592
2024-01-23,7530,19345
2024-01-24,11542,30911
2024-01-25,6366,12421
2024-01-26,10024,32318
2024-01-27,6601,11877
2024-01-28,5786,11752
2024-01-29,5740,11266
2024-01-30,9330,22025
2024-01-31,9437,27218
2024-02-01,9639,20319
2024-02-02,8693,14026
2024-02-03,10669,25414
2024-02-04,7828,13130
2024-02-05,8033,15136
2024-02-06,8788,21621
2024-02-07,8913,18148
2024-02-08,9364,21181
2024-02-09,9052,16166
2024-02-10,9825,20294
2024-02-11,10377,27365
2024-02-12,7235,19993
2024-02-13,10354,24187
2024-02-14,7463,17250
2024-02-15,11461,39958
2024-02-16,7567,19376
2024-02-17,6584,16025
2024-02-18,6983,14067
2024-02-19,18627,66048
2024-02-20,19716,54356
2024-02-21,24688,74376
2024-02-22,22180,62969
2024-02-23,41488,76142
2024-02-24,18189,49086
2024-02-25,46681,111861
2024-02-26,17638,75384
2024-02-27,19388,41764
2024-02-28,28968,69496
2024-02-29,22826,49410
2024-03-01,29426,51360
2024-03-02,21985,40940
2024-03-03,30115,59941
2024-03-04,20318,42787
2024-03-05,20396,49890
2024-03-06,18963,43475
2024-03-07,24244,54414
2024-03-08,17509,34414
2024-03-09,19382,40899
2024-03-10,23174,33686
2024-03-11,22399,44580
2024-03-12,27907,69965
2024-03-13,22506,50968
2024-03-14,23684,53385
2024-03-15,18162,31734
2024-03-16,17554,28222
2024-03-17,20204,31227
2024-03-18,20717,41855
2024-03-19,28910,79095
2024-03-20,16420,40775
2024-03-21,13358,29017
2024-03-22,9349,34651
2024-03-23,10127,17689
2024-03-24,12106,26576
2024-03-25,11299,26724
2024-03-26,13128,28660
2024-03-27,10742,24299
2024-03-28,10563,27896
2024-03-29,10641,30317
2024-03-30,10810,21665
2024-03-31,11452,21129
2024-04-01,10944,22382
2024-04-02,11718,20416
2024-04-03,11803,19892
2024-04-04,11317,22031
2024-04-05,11466,21022
2024-04-06,10627,18947
2024-04-07,12411,28682
2024-04-08,11785,18085
2024-04-09,13343,28419
2024-04-10,12192,20613
2024-04-11,11741,24962
2024-04-12,10397,16194
2024-04-13,11317,20182
2024-04-14,11936,28041
2024-04-15,14420,31311
2024-04-16,9606,19681
2024-04-17,13301,25206
2024-04-18,9692,16057
2024-04-19,10559,22952
2024-04-20,15099,31074
2024-04-21,14631,27179
2024-04-22,12439,20412
2024-04-23,11770,24651
2024-04-24,12358,36936
2024-04-25,9380,18213
2024-04-26,12111,22527
2024-04-27,11866,28389
2024-04-28,11351,25309
2024-04-29,8866,16376
2024-04-30,8600,15875
2024-05-01,13544,33480
2024-05-02,11631,22730
2024-05-03,10825,26904
2024-05-04,10998,20464
2024-05-05,14480,44393
2024-05-06,10491,19412
2024-05-07,9692,20226
2024-05-08,8681,20126
2024-05-09,10410,21411
2024-05-10,15120,104546
2024-05-11,91871,165968
2024-05-12,83384,164413
2024-05-13,90398,150338
2024-05-14,79076,157029
2024-05-15,93811,185964
2024-05-16,121048,237542
2024-05-17,81426,295995
2024-05-18,22528,35611
2024-05-19,28432,85096
2024-05-20,18387,31024
2024-05-21,24236,64372
2024-05-22,23464,60306
2024-05-23,29712,59736
2024-05-24,19703,49966
2024-05-25,24049,43600
2024-05-26,31835,72972
2024-05-27,29969,57269
2024-05-28,30542,67317
2024-05-29,29717,68021
2024-05-30,27969,52011
2024-05-31,27035,49291
2024-06-01,30716,59213
2024-06-02,28498,53112
2024-06-03,26187,48352
2024-06-04,32621,50776
2024-06-05,42719,97587
2024-06-06,42619,74596
2024-06-07,36310,56105
2024-06-08,43870,81563
2024-06-09,46334,88653
2024-06-10,30742,52687
2024-06-11,43958,96801
2024-06-12,47741,115118
2024-06-13,66417,119752
2024-06-14,68508,107167
2024-06-15,89749,208860
2024-06-16,91577,144544
2024-06-17,86457,212773
2024-06-18,120099,188292
2024-06-19,134391,228089
2024-06-20,179586,654067
2024-06-21,421950,635448
2024-06-22,398141,585439
2024-06-23,359060,551770
2024-06-24,300946,453934
2024-06-25,290217,465353
2024-06-26,219767,494057
2024-06-27,155065,231858
2024-06-28,137855,196950
2024-06-29,119724,191637
2024-06-30,119866,181911
2024-07-01,115541,185515
2024-07-02,110211,171983
2024-07-03,102570,168239
2024-07-04,90254,145254
2024-07-05,73169,128156
2024-07-06,77796,119353
2024-07-07,85910,180797
2024-07-08,78115,122913
2024-07-09,64361,133538
2024-07-10,63914,116883
2024-07-11,54891,84233
2024-07-12,58695,125601
2024-07-13,56567,96444
2024-07-14,68341,98217
2024-07-15,54490,105557
2024-07-16,53718,101193
2024-07-17,51543,80220
2024-07-18,42695,73377
2024-07-19,42073,76600
2024-07-20,36622,60189
2024-07-21,37963,55340
2024-07-22,39981,81730
2024-07-23,45796,75192
2024-07-24,43106,70133
2024-07-25,36471,57725
2024-07-26,36928,59635
2024-07-27,30477,55969
2024-07-28,34790,56717
2024-07-29,30052,52734
2024-07-30,27557,50960
2024-07-31,33095,56058
2024-08-01,30431,52769
2024-08-02,29013,47686
2024-08-03,26927,52896
2024-08-04,28996,50211
2024-08-05,24908,55032
2024-08-06,32693,74398
2024-08-07,35410,100365
2024-08-08,25139,58461
2024-08-09,21820,38020
2024-08-10,18682,30467
2024-08-11,24363,46213
2024-08-12,21680,38177
2024-08-13,24258,58027
2024-08-14,28809,65251
2024-08-15,25822,87356
2024-08-16,15024,40273
2024-08-17,15061,36841
2024-08-18,15018,47499
2024-08-19,15509,25754
2024-08-20,12775,35680
2024-08-21,12859,30783
2024-08-22,12945,34776
2024-08-23,9838,18223
2024-08-24,12080,36905
2024-08-25,10728,16492
2024-08-26,10084,17783
2024-08-27,11058,20984
2024-08-28,14901,31842
2024-08-29,13280,21297
2024-08-30,10040,19554
2024-08-31,10421,17452
2024-09-01,10085,20145
2024-09-02,10101,15735
2024-09-03,8907,18471
2024-09-04,10154,43806
2024-09-05,15031,33252
2024-09-06,10283,20087
2024-09-07,16463,37634
2024-09-08,9783,18453
2024-09-09,14194,54544
2024-09-10,31960,54167
2024-09-11,25082,45787
2024-09-12,26014,47097
2024-09-13,23417,40809
2024-09-14,17180,39486
2024-09-15,13875,28117
2024-09-16,7942,15093
2024-09-17,8321,12360
2024-09-18,7440,14694
2024-09-19,7636,16546
2024-09-20,10005,42566
2024-09-21,7323,15003
2024-09-22,7433,12485
2024-09-23,7857,15256
2024-09-24,8539,18944
2024-09-25,8625,21094
2024-09-26,7686,13273
2024-09-27,8223,13335
2024-09-28,9737,18895
2024-09-29,8610,14669
2024-09-30,8665,17615
2024-10-01,8859,15631
2024-10-02,8827,14765
2024-10-03,9968,47571
2024-10-04,7686,37241
2024-10-05,5760,9636
2024-10-06,5777,12960
2024-10-07,5066,12969
2024-10-08,5984,9268
2024-10-09,5257,12356
2024-10-10,5552,10505
2024-10-11,5215,10892
2024-10-12,6189,20454
2024-10-13,5845,14397
2024-10-14,10180,39674
2024-10-15,19236,34630
2024-10-16,4932,11796
2024-10-17,6485,10733
2024-10-18,9395,26048
2024-10-19,6810,18556
2024-10-20,5722,13685
2024-10-21,5299,9796
2024-10-22,5295,9650
2024-10-23,6061,28566
2024-10-24,6181,22017
2024-10-25,4442,10810
2024-10-26,4484,9146
2024-10-27,5313,11308
2024-10-28,4901,11978
2024-10-29,4192,7470
2024-10-30,4695,8931
2024-10-31,4111,7860
2024-11-01,3434,7223
2024-11-02,4550,8412
2024-11-03,4712,9554
2024-11-04,4871,8490
2024-11-05,4690,9114
2024-11-06,5020,9619
2024-11-07,5658,14076
2024-11-08,5412,16088
2024-11-09,7959,21084
2024-11-10,10022,22466
2024-11-11,5560,19317
2024-11-12,8325,20289
2024-11-13,6198,16157
2024-11-14,6319,11768
2024-11-15,6649,11149
2024-11-16,6416,13461
2024-11-17,5762,13733
2024-11-18,5897,12728
2024-11-19,5556,11705
2024-11-20,4536,9648
2024-11-21,4507,11069
2024-11-22,5588,13929
2024-11-23,6618,12889
2024-11-24,5093,11010
2024-11-25,5619,15505
2024-11-26,6026,17910
2024-11-27,5884,13218
2024-11-28,5361,20257
2024-11-29,5888,22770
2024-11-30,6799,12180
2024-12-01,6703,16875
2024-12-02,6126,14920
2024-12-03,5834,13480
2024-12-04,6849,17408
2024-12-05,6805,13389
2024-12-06,7096,21187
2024-12-07,5664,15157
2024-12-08,5114,12730
2024-12-09,3910,7397
2024-12-10,6364,13990
2024-12-11,5054,17865
2024-12-12,5972,13881
2024-12-13,5556,13344
2024-12-14,6446,14317
2024-12-15,6647,21329
2024-12-16,6747,19062
2024-12-17,5913,10925
2024-12-18,6255,15601
2024-12-19,6653,15243
2024-12-20,6134,34453
2024-12-21,7632,31433
2024-12-22,6735,22585
2024-12-23,7653,18241
2024-12-24,6844,12828
2024-12-25,4587,11471
2024-12-26,5040,11007
2024-12-27,7625,13316
2024-12-28,10986,44713
2024-12-29,19123,45494
2024-12-30,22052,41337
2024-12-31,9446,39031
2025-01-01,10801,16204
2025-01-02,10416,32797
2025-01-03,10819,35362
2025-01-04,10740,34004
2025-01-05,9222,23820
2025-01-06,8120,15148
2025-01-07,7862,18620
2025-01-08,18493,59191
2025-01-09,15687,46988
2025-01-10,8379,18487
2025-01-11,14491,102089
2025-01-12,10412,21569
2025-01-13,7295,15969
2025-01-14,7322,12843
2025-01-15,7357,22415
2025-01-16,7072,18060
2025-01-17,7400,14466
2025-01-18,7876,14712
2025-01-19,8170,19514
2025-01-20,12565,37655
2025-01-21,18641,76360
2025-01-22,13277,63492
2025-01-23,13892,44864
2025-01-24,8971,25321
2025-01-25,8741,21824
2025-01-26,10534,20469
2025-01-27,12493,41055
2025-01-28,9599,28377
2025-01-29,15575,68373
2025-01-30,13298,50443
2025-01-31,16105,54766
2025-02-01,12009,44158
2025-02-02,16268,33478
2025-02-03,11670,24554
2025-02-04,19492,67535
2025-02-05,14887,43837
2025-02-06,11738,60783
2025-02-07,13689,56874
2025-02-08,10495,36454
2025-02-09,17007,40419
2025-02-10,20702,35186
2025-02-11,17859,41187
2025-02-12,10231,18375
2025-02-13,9380,64820
2025-02-14,10677,21277
2025-02-15,10942,29674
2025-02-16,14272,26706
2025-02-17,10764,26235
2025-02-18,13001,29219
2025-02-19,11534,23257
2025-02-20,11637,25289
2025-02-21,9476,20832
2025-02-22,11424,27831
2025-02-23,14269,24549
2025-02-24,14702,32546
2025-02-25,9393,20582
2025-02-26,9181,16995
2025-02-27,8304,19126
2025-02-28,5906,14712
2025-03-01,8536,43476
2025-03-02,7580,13369
2025-03-03,8552,22507
2025-03-04,8552,17130
2025-03-05,9094,20041
2025-03-06,9786,45795
2025-03-07,9110,16735
2025-03-08,13683,45978
2025-03-09,24276,45421
2025-03-10,16010,41269
2025-03-11,10496,32541
2025-03-12,15153,42599
2025-03-13,12564,47584
2025-03-14,9441,21973
2025-03-15,10726,25925
2025-03-16,12561,39516
2025-03-17,12740,36575
2025-03-18,13390,34824
2025-03-19,12276,32390
2025-03-20,8091,20251
2025-03-21,9980,23053
2025-03-22,8486,16550
2025-03-23,12641,36831
2025-03-24,8622,28770
2025-03-25,8812,32816
2025-03-26,8550,34271
2025-03-27,7847,27842
2025-03-28,5411,11614
2025-03-29,5212,11251
2025-03-30,13655,41801
2025-03-31,16314,43399
2025-04-01,15665,39076
2025-04-02,24444,52536
2025-04-03,5563,9450
2025-04-04,5439,12434
2025-04-05,5141,9659
2025-04-06,7204,11638
2025-04-07,6151,13453
2025-04-08,9652,15872
2025-04-09,10934,25223
2025-04-10,11307,32560
2025-04-11,7606,18538
2025-04-12,8686,18965
2025-04-13,9678,18239
2025-04-14,8249,16938
2025-04-15,6149,14771
2025-04-16,6546,13454
2025-04-17,6925,12346
2025-04-18,6850,23914
2025-04-19,7450,18598
2025-04-20,6355,11618
2025-04-21,8178,18383
2025-04-22,7222,10954
2025-04-23,4866,10562
2025-04-24,5651,14748
2025-04-25,5456,9060
2025-04-26,7345,14003
2025-04-27,9752,49328
2025-04-28,5928,10745
2025-04-29,6185,13272
2025-04-30,7784,14977
2025-05-01,7273,11567
2025-05-02,6305,11105
2025-05-03,7822,28188
2025-05-04,6780,12440
2025-05-05,7683,12958
2025-05-06,7893,13061
2025-05-07,5754,10032
2025-05-08,7896,13288
2025-05-09,6234,10003
2025-05-10,6286,11429
2025-05-11,6029,10147
2025-05-12,7058,13017
2025-05-13,6839,12792
2025-05-14,7609,22591
2025-05-15,8448,16059
2025-05-16,6933,14217
2025-05-17,9421,22164
2025-05-18,8794,24819
2025-05-19,10894,24936
2025-05-20,11054,24271
2025-05-21,11773,23897
2025-05-22,10175,22303
2025-05-23,10750,24444
2025-05-24,12058,23838
2025-05-25,11500,21495
2025-05-26,10106,21328
2025-05-27,9804,18491
2025-05-28,9646,23003
2025-05-29,9324,21608
2025-05-30,7419,27159
2025-05-31,7091,22095
2025-06-01,5500,8486
2025-06-02,7756,27137
2025-06-03,8049,25160
2025-06-04,5705,21448
2025-06-05,4611,8355
2025-06-06,6118,21639
2025-06-07,7108,23302
2025-06-08,5846,10863
2025-06-09,4581,8120
2025-06-10,4837,11579
2025-06-11,6172,13062
2025-06-12,7582,13687
2025-06-13,6335,14407
2025-06-14,6132,10705
2025-06-15,6894,13187
2025-06-16,5510,11889
2025-06-17,7065,14029
2025-06-18,6024,16070
2025-06-19,4244,9220
2025-06-20,3887,8747
2025-06-21,4512,7978
2025-06-22,4470,7234
2025-06-23,4177,8778
2025-06-24,4739,8010
2025-06-25,4225,8947
2025-06-26,3904,7890
2025-06-27,3563,8377
2025-06-28,4808,7998
2025-06-29,4757,8288
2025-06-30,3438,7928
2025-07-01,4952,12234
2025-07-02,5213,10285
2025-07-03,6543,13055
2025-07-04,5829,9501
2025-07-05,4503,7227
2025-07-06,4459,9670
2025-07-07,4859,8165
2025-07-08,3640,8180
2025-07-09,3605,7741
2025-07-10,3570,6461
2025-07-11,3147,5508
2025-07-12,4704,10167
2025-07-13,3874,7325
2025-07-14,3941,9480
2025-07-15,4883,8508
2025-07-16,6118,14538
2025-07-17,3844,9868
2025-07-18,4056,6736
2025-07-19,5458,8690
2025-07-20,4717,8158
2025-07-21,11285,58945
2025-07-22,29518,55780
2025-07-23,25375,44341
2025-07-24,26432,48393
2025-07-25,25831,70511
2025-07-26,5502,18080
2025-07-27,5172,8900
2025-07-28,4500,9785
2025-07-29,5398,16582
2025-07-30,4285,9799
2025-07-31,3233,5847
2025-08-01,5307,18666
2025-08-02,4316,7365
2025-08-03,4287,8151
2025-08-04,4544,12902
2025-08-05,11779,94795
2025-08-06,44388,101207
2025-08-07,26058,58489
2025-08-08,21388,66713
2025-08-09,22904,55312
2025-08-10,19198,53926
2025-08-11,28777,71070
2025-08-12,4891,7724
2025-08-13,5096,9138
2025-08-14,4776,11583
2025-08-15,4775,7233
2025-08-16,4536,6479
2025-08-17,5335,12312
2025-08-18,4100,7829
2025-08-19,4301,8364
2025-08-20,7988,30220
2025-08-21,3430,7070
2025-08-22,3349,5997
2025-08-23,3486,5508
2025-08-24,4147,7009
2025-08-25,4319,10678
2025-08-26,6310,26332
2025-08-27,3427,5522
2025-08-28,3448,8406
2025-08-29,2981,5899
2025-08-30,4014,9902
2025-08-31,3970,9015
2025-09-01,3160,5541
2025-09-02,3838,12760
2025-09-03,3738,6150
2025-09-04,2808,5740
2025-09-05,2609,5402
2025-09-06,2938,6148
2025-09-07,3171,5708
2025-09-08,3064,5656
2025-09-09,3099,7743
2025-09-10,3319,6457
2025-09-11,2599,4412
2025-09-12,3106,12588
2025-09-13,3832,10233
2025-09-14,2658,4088
2025-09-15,3163,5831
2025-09-16,4200,10023
2025-09-17,2993,4975
2025-09-18,2326,3501
2025-09-19,2582,4717
2025-09-20,4724,10665
2025-09-21,4942,9437
2025-09-22,4320,7168
2025-09-23,3111,6492
2025-09-24,2834,6209
2025-09-25,4491,8763
2025-09-26,4787,9109
2025-09-27,5758,20616
2025-09-28,4208,8343
2025-09-29,4201,8226
2025-09-30,4411,9277
2025-10-01,4796,7797
2025-10-02,3510,7351
2025-10-03,4485,12461
2025-10-04,4089,9205
2025-10-05,4241,11236
2025-10-06,2850,5862
2025-10-07,3923,9339
2025-10-08,3646,6751
2025-10-09,3980,11617
2025-10-10,3651,9103
2025-10-11,2913,8150
2025-10-12,5511,16370
2025-10-13,3297,10278
2025-10-14,2252,4327
2025-10-15,2768,7166
2025-10-16,1981,3935
2025-10-17,2140,3961
2025-10-18,2032,3567
2025-10-19,2024,3556
2025-10-20,6256,20267
2025-10-21,5060,17561
2025-10-22,6158,17628
2025-10-23,4282,17810
2025-10-24,4996,15995
2025-10-25,6081,16556
2025-10-26,3771,14842
2025-10-27,5078,15921
2025-10-28,4931,14109
2025-10-29,5504,16875
2025-10-30,4144,12044
2025-10-31,2362,6775
2025-11-01,3075,7991
2025-11-02,4121,10399
2025-11-03,3300,6811
2025-11-04,3856,7790
2025-11-05,4201,6950
2025-11-06,4490,11693
2025-11-07,4979,8837
2025-11-08,6199,11956
2025-11-09,6873,18676
2025-11-10,5361,11541
2025-11-11,5204,9388
2025-11-12,5593,7991
2025-11-13,7329,18807
2025-11-14,7324,15886
2025-11-15,9487,23626
2025-11-16,9858,28277
2025-11-17,9919,24199
2025-11-18,8379,16920
2025-11-19,7891,18512
2025-11-20,6598,21708
2025-11-21,6319,16203
2025-11-22,8561,25019
2025-11-23,10258,25695
2025-11-24,9055,25796
2025-11-25,7317,18768
2025-11-26,7232,20334
2025-11-27,14340,21224
2025-11-28,14619,25080
2025-11-29,13021,27874
2025-11-30,17661,23461
2025-12-01,6943,16705
2025-12-02,6600,14468
2025-12-03,6855,13515
2025-12-04,2141,4041
2025-12-05,3647,6036
2025-12-06,4383,6289
2025-12-07,6152,9585
2025-12-08,5639,10485
2025-12-09,4575,7257
2025-12-10,5819,9573
2025-12-11,6722,11726
2025-12-12,4390,9000
2025-12-13,4092,7569
2025-12-14,5208,9340
2025-12-15,5638,10294
2025-12-16,6112,9458
2025-12-17,3715,7774
2025-12-18,3622,6294
2025-12-19,3136,6240
2025-12-20,3401,8629
2025-12-21,4791,9234
2025-12-22,5226,12143
2025-12-23,6356,15626
2025-12-24,3142,5030
2025-12-25,3720,7223
2025-12-26,4836,9307
2025-12-27,5091,11556
2025-12-28,5694,11928
2025-12-29,5543,8918
2025-12-30,7759,17116
2025-12-31,6401,10475
2026-01-01,4993,6327
2026-01-02,12065,23306
2026-01-03,12469,27735
2026-01-04,9363,20422
2026-01-05,10256,18141
2026-01-06,9304,15849
2026-01-07,7695,16097
2026-01-08,8424,18214
2026-01-09,5582,12481
2026-01-10,7772,16123
2026-01-11,8660,19346
2026-01-12,8180,43238
2026-01-13,24799,42204
2026-01-14,23517,44741
2026-01-15,5231,8944
2026-01-16,5556,10169
2026-01-17,5419,11236
2026-01-18,4757,8163
2026-01-19,4803,16274
2026-01-20,5225,15041
2026-01-21,6140,11623
2026-01-22,4677,8223
2026-01-23,4975,7945
2026-01-24,6426,12340
2026-01-25,7686,11992
2026-01-26,4595,8638
2026-01-27,4625,10495
2026-01-28,4464,9648
2026-01-29,3605,5740
2026-01-30,4233,7941
2026-01-31,3817,6326
2026-02-01,5883,10081
2026-02-02,4954,8051
2026-02-03,5261,29979
2026-02-04,8634,16284
2026-02-05,6104,15545
2026-02-06,4921,11272
2026-02-07,5976,11773
2026-02-08,6387,13779
2026-02-09,8946,16192
2026-02-10,6974,15958
2026-02-11,9225,16126
2026-02-12,5522,11578
2026-02-13,4452,8784
2026-02-14,5985,10958
2026-02-15,7885,12115
2026-02-16,4878,13891
2026-02-17,4465,12890
2026-02-18,5819,11883
2026-02-19,6378,13372
2026-02-20,4845,15076
2026-02-21,6791,13524
2026-02-22,10677,21260
2026-02-23,6387,22671
2026-02-24,5629,15124
2026-02-25,4564,15001
2026-02-26,4965,14277
2026-02-27,4023,16521
2026-02-28,2920,7828
2026-03-01,5445,17319
2026-03-02,4231,11365
2026-03-03,4869,21615
2026-03-04,4495,16775
2026-03-05,3548,7320
2026-03-06,3119,7731
2026-03-07,3449,12765
2026-03-08,4830,18324
2026-03-09,4147,10548
2026-03-10,10506,40926
2026-03-11,10922,34686
2026-03-12,10511,32983
2026-03-13,4126,9460
2026-03-14,5818,16634
2026-03-15,4513,9854
2026-03-16,4705,16558
2026-03-17,4918,15588
2026-03-18,4093,11248
2026-03-19,4905,14386
2026-03-20,4466,14083
2026-03-21,5014,13912
2026-03-22,5525,17450
2026-03-23,6251,23658
2026-03-24,5803,19696
2026-03-25,5330,16235
2026-03-26,6126,14385
2026-03-27,4136,8302
2026-03-28,5576,16802
2026-03-29,5947,10474
2026-03-30,6785,15655
2026-03-31,6763,11651
2026-04-01,5358,8152
2026-04-02,6875,13276
2026-04-03,8909,20162
2026-04-04,7719,14256
