Date,Avg_Player,Final_Price,Base_Price,Discount_%,Is_Sale,Is_Weekend,Is_Holiday,Days_Since_Release
2022-02-24,559624.0,59.99,59.99,0.0,0,0,0,0
2022-02-25,764835.0,59.99,59.99,0.0,0,0,0,1
2022-02-26,861538.0,59.99,59.99,0.0,0,1,0,2
2022-02-27,891638.0,59.99,59.99,0.0,0,1,0,3
2022-02-28,819143.0,59.99,59.99,0.0,0,0,0,4
2022-03-01,828001.0,59.99,59.99,0.0,0,0,0,5
2022-03-02,823527.0,59.99,59.99,0.0,0,0,0,6
2022-03-03,820921.0,59.99,59.99,0.0,0,0,0,7
2022-03-04,858316.0,59.99,59.99,0.0,0,0,0,8
2022-03-05,953426.0,59.99,59.99,0.0,0,1,0,9
2022-03-06,944190.0,59.99,59.99,0.0,0,1,0,10
2022-03-07,801048.0,59.99,59.99,0.0,0,0,0,11
2022-03-08,779297.0,59.99,59.99,0.0,0,0,0,12
2022-03-09,738122.0,59.99,59.99,0.0,0,0,0,13
2022-03-10,703725.0,59.99,59.99,0.0,0,0,0,14
2022-03-11,730458.0,59.99,59.99,0.0,0,0,0,15
2022-03-12,825277.0,59.99,59.99,0.0,0,1,0,16
2022-03-13,800301.0,59.99,59.99,0.0,0,1,0,17
2022-03-14,635680.0,59.99,59.99,0.0,0,0,0,18
2022-03-15,610847.0,59.99,59.99,0.0,0,0,0,19
2022-03-16,589570.0,59.99,59.99,0.0,0,0,0,20
2022-03-17,587284.0,59.99,59.99,0.0,0,0,0,21
2022-03-18,611562.0,59.99,59.99,0.0,0,0,0,22
2022-03-19,712336.0,59.99,59.99,0.0,0,1,0,23
2022-03-20,694446.0,59.99,59.99,0.0,0,1,0,24
2022-03-21,529881.0,59.99,59.99,0.0,0,0,0,25
2022-03-22,507115.0,59.99,59.99,0.0,0,0,0,26
2022-03-23,464532.0,59.99,59.99,0.0,0,0,0,27
2022-03-24,468107.0,59.99,59.99,0.0,0,0,0,28
2022-03-25,480052.0,59.99,59.99,0.0,0,0,0,29
2022-03-26,563389.0,59.99,59.99,0.0,0,1,0,30
2022-03-27,546667.0,59.99,59.99,0.0,0,1,0,31
2022-03-28,414946.0,59.99,59.99,0.0,0,0,0,32
2022-03-29,399484.0,59.99,59.99,0.0,0,0,0,33
2022-03-30,378861.0,59.99,59.99,0.0,0,0,0,34
2022-03-31,368498.0,59.99,59.99,0.0,0,0,0,35
2022-04-01,375625.0,59.99,59.99,0.0,0,0,0,36
2022-04-02,455103.0,59.99,59.99,0.0,0,1,0,37
2022-04-03,457182.0,59.99,59.99,0.0,0,1,0,38
2022-04-04,339322.0,59.99,59.99,0.0,0,0,0,39
2022-04-05,317968.0,59.99,59.99,0.0,0,0,0,40
2022-04-06,300169.0,59.99,59.99,0.0,0,0,0,41
2022-04-07,287677.0,59.99,59.99,0.0,0,0,0,42
2022-04-08,305294.0,59.99,59.99,0.0,0,0,0,43
2022-04-09,367780.0,59.99,59.99,0.0,0,1,0,44
2022-04-10,349862.0,59.99,59.99,0.0,0,1,0,45
2022-04-11,258031.0,59.99,59.99,0.0,0,0,0,46
2022-04-12,245836.0,59.99,59.99,0.0,0,0,0,47
2022-04-13,234880.0,59.99,59.99,0.0,0,0,0,48
2022-04-14,234557.0,59.99,59.99,0.0,0,0,0,49
2022-04-15,269911.0,59.99,59.99,0.0,0,0,0,50
2022-04-16,282119.0,59.99,59.99,0.0,0,1,0,51
2022-04-17,266656.0,59.99,59.99,0.0,0,1,0,52
2022-04-18,239831.0,59.99,59.99,0.0,0,0,0,53
2022-04-19,198248.0,59.99,59.99,0.0,0,0,0,54
2022-04-20,202328.0,59.99,59.99,0.0,0,0,0,55
2022-04-21,196417.0,59.99,59.99,0.0,0,0,0,56
2022-04-22,205469.0,59.99,59.99,0.0,0,0,0,57
2022-04-23,238625.0,59.99,59.99,0.0,0,1,0,58
2022-04-24,237493.0,59.99,59.99,0.0,0,1,0,59
2022-04-25,172305.0,59.99,59.99,0.0,0,0,0,60
2022-04-26,161863.0,59.99,59.99,0.0,0,0,0,61
2022-04-27,151887.0,59.99,59.99,0.0,0,0,0,62
2022-04-28,147793.0,59.99,59.99,0.0,0,0,0,63
2022-04-29,156014.0,59.99,59.99,0.0,0,0,0,64
2022-04-30,190421.0,59.99,59.99,0.0,0,1,0,65
2022-05-01,193468.0,59.99,59.99,0.0,0,1,0,66
2022-05-02,148370.0,59.99,59.99,0.0,0,0,0,67
2022-05-03,139215.0,59.99,59.99,0.0,0,0,0,68
2022-05-04,126122.0,59.99,59.99,0.0,0,0,0,69
2022-05-05,122864.0,59.99,59.99,0.0,0,0,0,70
2022-05-06,126523.0,59.99,59.99,0.0,0,0,0,71
2022-05-07,158782.0,59.99,59.99,0.0,0,1,0,72
2022-05-08,152245.0,59.99,59.99,0.0,0,1,0,73
2022-05-09,110981.0,59.99,59.99,0.0,0,0,0,74
2022-05-10,107748.0,59.99,59.99,0.0,0,0,0,75
2022-05-11,102381.0,59.99,59.99,0.0,0,0,0,76
2022-05-12,99343.0,59.99,59.99,0.0,0,0,0,77
2022-05-13,106998.0,59.99,59.99,0.0,0,0,0,78
2022-05-14,128222.0,59.99,59.99,0.0,0,1,0,79
2022-05-15,127344.0,59.99,59.99,0.0,0,1,0,80
2022-05-16,92721.0,59.99,59.99,0.0,0,0,0,81
2022-05-17,88789.0,59.99,59.99,0.0,0,0,0,82
2022-05-18,86217.0,59.99,59.99,0.0,0,0,0,83
2022-05-19,83155.0,59.99,59.99,0.0,0,0,0,84
2022-05-20,89290.0,59.99,59.99,0.0,0,0,0,85
2022-05-21,108490.0,59.99,59.99,0.0,0,1,0,86
2022-05-22,106427.0,59.99,59.99,0.0,0,1,0,87
2022-05-23,81727.0,59.99,59.99,0.0,0,0,0,88
2022-05-24,75594.0,59.99,59.99,0.0,0,0,0,89
2022-05-25,73972.0,59.99,59.99,0.0,0,0,0,90
2022-05-26,80599.0,59.99,59.99,0.0,0,0,0,91
2022-05-27,82817.0,59.99,59.99,0.0,0,0,0,92
2022-05-28,101265.0,59.99,59.99,0.0,0,1,0,93
2022-05-29,99061.0,59.99,59.99,0.0,0,1,0,94
2022-05-30,92058.0,59.99,59.99,0.0,0,0,1,95
2022-05-31,73505.0,59.99,59.99,0.0,0,0,0,96
2022-06-01,68870.0,59.99,59.99,0.0,0,0,0,97
2022-06-02,71525.0,59.99,59.99,0.0,0,0,0,98
2022-06-03,74568.0,59.99,59.99,0.0,0,0,0,99
2022-06-04,87387.0,59.99,59.99,0.0,0,1,0,100
2022-06-05,88609.0,59.99,59.99,0.0,0,1,0,101
2022-06-06,73812.0,59.99,59.99,0.0,0,0,0,102
2022-06-07,63803.0,59.99,59.99,0.0,0,0,0,103
2022-06-08,62093.0,59.99,59.99,0.0,0,0,0,104
2022-06-09,59878.0,59.99,59.99,0.0,0,0,0,105
2022-06-10,62770.0,59.99,59.99,0.0,0,0,0,106
2022-06-11,76917.0,59.99,59.99,0.0,0,1,0,107
2022-06-12,77475.0,59.99,59.99,0.0,0,1,0,108
2022-06-13,56575.0,59.99,59.99,0.0,0,0,0,109
2022-06-14,54643.0,59.99,59.99,0.0,0,0,0,110
2022-06-15,52494.0,59.99,59.99,0.0,0,0,0,111
2022-06-16,54636.0,59.99,59.99,0.0,0,0,0,112
2022-06-17,55629.0,59.99,59.99,0.0,0,0,0,113
2022-06-18,66351.0,59.99,59.99,0.0,0,1,0,114
2022-06-19,66906.0,59.99,59.99,0.0,0,1,1,115
2022-06-20,55272.0,59.99,59.99,0.0,0,0,1,116
2022-06-21,51013.0,59.99,59.99,0.0,0,0,0,117
2022-06-22,48571.0,59.99,59.99,0.0,0,0,0,118
2022-06-23,46994.0,59.99,59.99,0.0,0,0,0,119
2022-06-24,49982.0,59.99,59.99,0.0,0,0,0,120
2022-06-25,58560.0,59.99,59.99,0.0,0,1,0,121
2022-06-26,60338.0,59.99,59.99,0.0,0,1,0,122
2022-06-27,45795.0,59.99,59.99,0.0,0,0,0,123
2022-06-28,44689.0,59.99,59.99,0.0,0,0,0,124
2022-06-29,43418.0,59.99,59.99,0.0,0,0,0,125
2022-06-30,42476.0,59.99,59.99,0.0,0,0,0,126
2022-07-01,44977.0,59.99,59.99,0.0,0,0,0,127
2022-07-02,51559.0,59.99,59.99,0.0,0,1,0,128
2022-07-03,52405.0,59.99,59.99,0.0,0,1,0,129
2022-07-04,49052.0,59.99,59.99,0.0,0,0,1,130
2022-07-05,41274.0,59.99,59.99,0.0,0,0,0,131
2022-07-06,40235.0,59.99,59.99,0.0,0,0,0,132
2022-07-07,40219.0,59.99,59.99,0.0,0,0,0,133
2022-07-08,41239.0,59.99,59.99,0.0,0,0,0,134
2022-07-09,49357.0,59.99,59.99,0.0,0,1,0,135
2022-07-10,51228.0,59.99,59.99,0.0,0,1,0,136
2022-07-11,40782.0,59.99,59.99,0.0,0,0,0,137
2022-07-12,39669.0,59.99,59.99,0.0,0,0,0,138
2022-07-13,38827.0,59.99,59.99,0.0,0,0,0,139
2022-07-14,39814.0,59.99,59.99,0.0,0,0,0,140
2022-07-15,40931.0,59.99,59.99,0.0,0,0,0,141
2022-07-16,48232.0,59.99,59.99,0.0,0,1,0,142
2022-07-17,50686.0,59.99,59.99,0.0,0,1,0,143
2022-07-18,39741.0,59.99,59.99,0.0,0,0,0,144
2022-07-19,39266.0,59.99,59.99,0.0,0,0,0,145
2022-07-20,37757.0,59.99,59.99,0.0,0,0,0,146
2022-07-21,38334.0,59.99,59.99,0.0,0,0,0,147
2022-07-22,40316.0,59.99,59.99,0.0,0,0,0,148
2022-07-23,47304.0,59.99,59.99,0.0,0,1,0,149
2022-07-24,49352.0,59.99,59.99,0.0,0,1,0,150
2022-07-25,39401.0,59.99,59.99,0.0,0,0,0,151
2022-07-26,39247.0,59.99,59.99,0.0,0,0,0,152
2022-07-27,38561.0,59.99,59.99,0.0,0,0,0,153
2022-07-28,38246.0,59.99,59.99,0.0,0,0,0,154
2022-07-29,39789.0,59.99,59.99,0.0,0,0,0,155
2022-07-30,46293.0,59.99,59.99,0.0,0,1,0,156
2022-07-31,48106.0,59.99,59.99,0.0,0,1,0,157
2022-08-01,38945.0,59.99,59.99,0.0,0,0,0,158
2022-08-02,37343.0,59.99,59.99,0.0,0,0,0,159
2022-08-03,37321.0,59.99,59.99,0.0,0,0,0,160
2022-08-04,36960.0,59.99,59.99,0.0,0,0,0,161
2022-08-05,39217.0,59.99,59.99,0.0,0,0,0,162
2022-08-06,45096.0,59.99,59.99,0.0,0,1,0,163
2022-08-07,47397.0,59.99,59.99,0.0,0,1,0,164
2022-08-08,38506.0,59.99,59.99,0.0,0,0,0,165
2022-08-09,34276.0,59.99,59.99,0.0,0,0,0,166
2022-08-10,35418.0,59.99,59.99,0.0,0,0,0,167
2022-08-11,35050.0,59.99,59.99,0.0,0,0,0,168
2022-08-12,37830.0,59.99,59.99,0.0,0,0,0,169
2022-08-13,42939.0,59.99,59.99,0.0,0,1,0,170
2022-08-14,45151.0,59.99,59.99,0.0,0,1,0,171
2022-08-15,38884.0,59.99,59.99,0.0,0,0,0,172
2022-08-16,36056.0,59.99,59.99,0.0,0,0,0,173
2022-08-17,35867.0,59.99,59.99,0.0,0,0,0,174
2022-08-18,35167.0,59.99,59.99,0.0,0,0,0,175
2022-08-19,37416.0,59.99,59.99,0.0,0,0,0,176
2022-08-20,43930.0,59.99,59.99,0.0,0,1,0,177
2022-08-21,46138.0,59.99,59.99,0.0,0,1,0,178
2022-08-22,35746.0,59.99,59.99,0.0,0,0,0,179
2022-08-23,35378.0,59.99,59.99,0.0,0,0,0,180
2022-08-24,33021.0,59.99,59.99,0.0,0,0,0,181
2022-08-25,32699.0,59.99,59.99,0.0,0,0,0,182
2022-08-26,34801.0,59.99,59.99,0.0,0,0,0,183
2022-08-27,41241.0,59.99,59.99,0.0,0,1,0,184
2022-08-28,43177.0,59.99,59.99,0.0,0,1,0,185
2022-08-29,34150.0,59.99,59.99,0.0,0,0,0,186
2022-08-30,33560.0,59.99,59.99,0.0,0,0,0,187
2022-08-31,32808.0,59.99,59.99,0.0,0,0,0,188
2022-09-01,32101.0,59.99,59.99,0.0,0,0,0,189
2022-09-02,34813.0,59.99,59.99,0.0,0,0,0,190
2022-09-03,42524.0,59.99,59.99,0.0,0,1,0,191
2022-09-04,44015.0,59.99,59.99,0.0,0,1,0,192
2022-09-05,41589.0,59.99,59.99,0.0,0,0,1,193
2022-09-06,32651.0,59.99,59.99,0.0,0,0,0,194
2022-09-07,32718.0,59.99,59.99,0.0,0,0,0,195
2022-09-08,31775.0,59.99,59.99,0.0,0,0,0,196
2022-09-09,34133.0,59.99,59.99,0.0,0,0,0,197
2022-09-10,42624.0,59.99,59.99,0.0,0,1,0,198
2022-09-11,45475.0,59.99,59.99,0.0,0,1,0,199
2022-09-12,31859.0,59.99,59.99,0.0,0,0,0,200
2022-09-13,31387.0,59.99,59.99,0.0,0,0,0,201
2022-09-14,31548.0,59.99,59.99,0.0,0,0,0,202
2022-09-15,30927.0,59.99,59.99,0.0,0,0,0,203
2022-09-16,33397.0,59.99,59.99,0.0,0,0,0,204
2022-09-17,42458.0,59.99,59.99,0.0,0,1,0,205
2022-09-18,43754.0,59.99,59.99,0.0,0,1,0,206
2022-09-19,33364.0,59.99,59.99,0.0,0,0,0,207
2022-09-20,31054.0,59.99,59.99,0.0,0,0,0,208
2022-09-21,30494.0,59.99,59.99,0.0,0,0,0,209
2022-09-22,30003.0,59.99,59.99,0.0,0,0,0,210
2022-09-23,32171.0,59.99,59.99,0.0,0,0,0,211
2022-09-24,40762.0,59.99,59.99,0.0,0,1,0,212
2022-09-25,41979.0,59.99,59.99,0.0,0,1,0,213
2022-09-26,29959.0,59.99,59.99,0.0,0,0,0,214
2022-09-27,29528.0,59.99,59.99,0.0,0,0,0,215
2022-09-28,29044.0,59.99,59.99,0.0,0,0,0,216
2022-09-29,28096.0,59.99,59.99,0.0,0,0,0,217
2022-09-30,30763.0,59.99,59.99,0.0,0,0,0,218
2022-10-01,38442.0,59.99,59.99,0.0,0,1,0,219
2022-10-02,39830.0,59.99,59.99,0.0,0,1,0,220
2022-10-03,30427.0,59.99,59.99,0.0,0,0,0,221
2022-10-04,28429.0,59.99,59.99,0.0,0,0,0,222
2022-10-05,27373.0,59.99,59.99,0.0,0,0,0,223
2022-10-06,27026.0,59.99,59.99,0.0,0,0,0,224
2022-10-07,28048.0,59.99,59.99,0.0,0,0,0,225
2022-10-08,34805.0,59.99,59.99,0.0,0,1,0,226
2022-10-09,36653.0,59.99,59.99,0.0,0,1,0,227
2022-10-10,27576.0,59.99,59.99,0.0,0,0,1,228
2022-10-11,25667.0,59.99,59.99,0.0,0,0,0,229
2022-10-12,26361.0,59.99,59.99,0.0,0,0,0,230
2022-10-13,23752.0,59.99,59.99,0.0,0,0,0,231
2022-10-14,28885.0,59.99,59.99,0.0,0,0,0,232
2022-10-15,38217.0,59.99,59.99,0.0,0,1,0,233
2022-10-16,39401.0,59.99,59.99,0.0,0,1,0,234
2022-10-17,29579.0,59.99,59.99,0.0,0,0,0,235
2022-10-18,29637.0,59.99,59.99,0.0,0,0,0,236
2022-10-19,29083.0,59.99,59.99,0.0,0,0,0,237
2022-10-20,29196.0,59.99,59.99,0.0,0,0,0,238
2022-10-21,31471.0,59.99,59.99,0.0,0,0,0,239
2022-10-22,38307.0,59.99,59.99,0.0,0,1,0,240
2022-10-23,39319.0,59.99,59.99,0.0,0,1,0,241
2022-10-24,29193.0,59.99,59.99,0.0,0,0,0,242
2022-10-25,28742.0,59.99,59.99,0.0,0,0,0,243
2022-10-26,28001.0,59.99,59.99,0.0,0,0,0,244
2022-10-27,27499.0,59.99,59.99,0.0,0,0,0,245
2022-10-28,29657.0,59.99,59.99,0.0,0,0,0,246
2022-10-29,34934.0,59.99,59.99,0.0,0,1,0,247
2022-10-30,34954.0,59.99,59.99,0.0,0,1,0,248
2022-10-31,28209.0,59.99,59.99,0.0,0,0,0,249
2022-11-01,29025.0,59.99,59.99,0.0,0,0,0,250
2022-11-02,25710.0,59.99,59.99,0.0,0,0,0,251
2022-11-03,25692.0,59.99,59.99,0.0,0,0,0,252
2022-11-04,28158.0,59.99,59.99,0.0,0,0,0,253
2022-11-05,35662.0,59.99,59.99,0.0,0,1,0,254
2022-11-06,36004.0,59.99,59.99,0.0,0,1,0,255
2022-11-07,25244.0,59.99,59.99,0.0,0,0,0,256
2022-11-08,25385.0,59.99,59.99,0.0,0,0,0,257
2022-11-09,25467.0,59.99,59.99,0.0,0,0,0,258
2022-11-10,25160.0,59.99,59.99,0.0,0,0,0,259
2022-11-11,29688.0,59.99,59.99,0.0,0,0,1,260
2022-11-12,35679.0,59.99,59.99,0.0,0,1,0,261
2022-11-13,35817.0,59.99,59.99,0.0,0,1,0,262
2022-11-14,26412.0,59.99,59.99,0.0,0,0,0,263
2022-11-15,27174.0,59.99,59.99,0.0,0,0,0,264
2022-11-16,26755.0,59.99,59.99,0.0,0,0,0,265
2022-11-17,25982.0,59.99,59.99,0.0,0,0,0,266
2022-11-18,27963.0,59.99,59.99,0.0,0,0,0,267
2022-11-19,34946.0,59.99,59.99,0.0,0,1,0,268
2022-11-20,35579.0,59.99,59.99,0.0,0,1,0,269
2022-11-21,26101.0,59.99,59.99,0.0,0,0,0,270
2022-11-22,26744.0,59.99,59.99,0.0,0,0,0,271
2022-11-23,26242.0,59.99,59.99,0.0,0,0,0,272
2022-11-24,27238.0,59.99,59.99,0.0,0,0,1,273
2022-11-25,29925.0,59.99,59.99,0.0,0,0,0,274
2022-11-26,35682.0,59.99,59.99,0.0,0,1,0,275
2022-11-27,36345.0,59.99,59.99,0.0,0,1,0,276
2022-11-28,27038.0,59.99,59.99,0.0,0,0,0,277
2022-11-29,26537.0,59.99,59.99,0.0,0,0,0,278
2022-11-30,26979.0,59.99,59.99,0.0,0,0,0,279
2022-12-01,26701.0,59.99,59.99,0.0,0,0,0,280
2022-12-02,29223.0,59.99,59.99,0.0,0,0,0,281
2022-12-03,36322.0,59.99,59.99,0.0,0,1,0,282
2022-12-04,36774.0,59.99,59.99,0.0,0,1,0,283
2022-12-05,27747.0,59.99,59.99,0.0,0,0,0,284
2022-12-06,32942.0,59.99,59.99,0.0,0,0,0,285
2022-12-07,32676.0,59.99,59.99,0.0,0,0,0,286
2022-12-08,33179.0,59.99,59.99,0.0,0,0,0,287
2022-12-09,37725.0,59.99,59.99,0.0,0,0,0,288
2022-12-10,46193.0,59.99,59.99,0.0,0,1,0,289
2022-12-11,47045.0,59.99,59.99,0.0,0,1,0,290
2022-12-12,37142.0,59.99,59.99,0.0,0,0,0,291
2022-12-13,36105.0,59.99,59.99,0.0,0,0,0,292
2022-12-14,36199.0,59.99,59.99,0.0,0,0,0,293
2022-12-15,35084.0,59.99,59.99,0.0,0,0,0,294
2022-12-16,38188.0,59.99,59.99,0.0,0,0,0,295
2022-12-17,45094.0,59.99,59.99,0.0,0,1,0,296
2022-12-18,46097.0,59.99,59.99,0.0,0,1,0,297
2022-12-19,38366.0,59.99,59.99,0.0,0,0,0,298
2022-12-20,38488.0,59.99,59.99,0.0,0,0,0,299
2022-12-21,38060.0,59.99,59.99,0.0,0,0,0,300
2022-12-22,42476.0,41.99,59.99,30.005000833472245,1,0,0,301
2022-12-23,53175.0,41.99,59.99,30.005000833472245,1,0,0,302
2022-12-24,62290.0,41.99,59.99,30.005000833472245,1,1,0,303
2022-12-25,64159.0,41.99,59.99,30.005000833472245,1,1,1,304
2022-12-26,71354.0,41.99,59.99,30.005000833472245,1,0,1,305
2022-12-27,73312.0,41.99,59.99,30.005000833472245,1,0,0,306
2022-12-28,76364.0,41.99,59.99,30.005000833472245,1,0,0,307
2022-12-29,79202.0,41.99,59.99,30.005000833472245,1,0,0,308
2022-12-30,82864.0,41.99,59.99,30.005000833472245,1,0,0,309
2022-12-31,85651.0,41.99,59.99,30.005000833472245,1,1,0,310
2023-01-01,89723.0,41.99,59.99,30.005000833472245,1,1,1,311
2023-01-02,91801.0,41.99,59.99,30.005000833472245,1,0,1,312
2023-01-03,86631.0,41.99,59.99,30.005000833472245,1,0,0,313
2023-01-04,88742.0,41.99,59.99,30.005000833472245,1,0,0,314
2023-01-05,88151.0,59.99,59.99,0.0,0,0,0,315
2023-01-06,93457.0,59.99,59.99,0.0,0,0,0,316
2023-01-07,104312.0,59.99,59.99,0.0,0,1,0,317
2023-01-08,106913.0,59.99,59.99,0.0,0,1,0,318
2023-01-09,81045.0,59.99,59.99,0.0,0,0,0,319
2023-01-10,79276.0,59.99,59.99,0.0,0,0,0,320
2023-01-11,77078.0,59.99,59.99,0.0,0,0,0,321
2023-01-12,73768.0,59.99,59.99,0.0,0,0,0,322
2023-01-13,78714.0,59.99,59.99,0.0,0,0,0,323
2023-01-14,95550.0,59.99,59.99,0.0,0,1,0,324
2023-01-15,97376.0,59.99,59.99,0.0,0,1,0,325
2023-01-16,76399.0,59.99,59.99,0.0,0,0,1,326
2023-01-17,70212.0,59.99,59.99,0.0,0,0,0,327
2023-01-18,68175.0,59.99,59.99,0.0,0,0,0,328
2023-01-19,67643.0,59.99,59.99,0.0,0,0,0,329
2023-01-20,69985.0,59.99,59.99,0.0,0,0,0,330
2023-01-21,84579.0,59.99,59.99,0.0,0,1,0,331
2023-01-22,87848.0,59.99,59.99,0.0,0,1,0,332
2023-01-23,65610.0,59.99,59.99,0.0,0,0,0,333
2023-01-24,64303.0,59.99,59.99,0.0,0,0,0,334
2023-01-25,64506.0,59.99,59.99,0.0,0,0,0,335
2023-01-26,63756.0,59.99,59.99,0.0,0,0,0,336
2023-01-27,67368.0,59.99,59.99,0.0,0,0,0,337
2023-01-28,83035.0,59.99,59.99,0.0,0,1,0,338
2023-01-29,85483.0,59.99,59.99,0.0,0,1,0,339
2023-01-30,62487.0,59.99,59.99,0.0,0,0,0,340
2023-01-31,62378.0,59.99,59.99,0.0,0,0,0,341
2023-02-01,61693.0,59.99,59.99,0.0,0,0,0,342
2023-02-02,60643.0,59.99,59.99,0.0,0,0,0,343
2023-02-03,66203.0,59.99,59.99,0.0,0,0,0,344
2023-02-04,80705.0,59.99,59.99,0.0,0,1,0,345
2023-02-05,82173.0,59.99,59.99,0.0,0,1,0,346
2023-02-06,60131.0,59.99,59.99,0.0,0,0,0,347
2023-02-07,57738.0,59.99,59.99,0.0,0,0,0,348
2023-02-08,56027.0,59.99,59.99,0.0,0,0,0,349
2023-02-09,55346.0,59.99,59.99,0.0,0,0,0,350
2023-02-10,59413.0,59.99,59.99,0.0,0,0,0,351
2023-02-11,72846.0,59.99,59.99,0.0,0,1,0,352
2023-02-12,74140.0,59.99,59.99,0.0,0,1,0,353
2023-02-13,56082.0,59.99,59.99,0.0,0,0,0,354
2023-02-14,53496.0,59.99,59.99,0.0,0,0,0,355
2023-02-15,53869.0,59.99,59.99,0.0,0,0,0,356
2023-02-16,53763.0,59.99,59.99,0.0,0,0,0,357
2023-02-17,58848.0,59.99,59.99,0.0,0,0,0,358
2023-02-18,71668.0,59.99,59.99,0.0,0,1,0,359
2023-02-19,71708.0,59.99,59.99,0.0,0,1,0,360
2023-02-20,57887.0,59.99,59.99,0.0,0,0,1,361
2023-02-21,53740.0,59.99,59.99,0.0,0,0,0,362
2023-02-22,53730.0,59.99,59.99,0.0,0,0,0,363
2023-02-23,54134.0,59.99,59.99,0.0,0,0,0,364
2023-02-24,55361.0,59.99,59.99,0.0,0,0,0,365
2023-02-25,67121.0,59.99,59.99,0.0,0,1,0,366
2023-02-26,67335.0,59.99,59.99,0.0,0,1,0,367
2023-02-27,50421.0,59.99,59.99,0.0,0,0,0,368
2023-02-28,55189.0,59.99,59.99,0.0,0,0,0,369
2023-03-01,55050.0,59.99,59.99,0.0,0,0,0,370
2023-03-02,55532.0,59.99,59.99,0.0,0,0,0,371
2023-03-03,60124.0,59.99,59.99,0.0,0,0,0,372
2023-03-04,74131.0,59.99,59.99,0.0,0,1,0,373
2023-03-05,74740.0,59.99,59.99,0.0,0,1,0,374
2023-03-06,53807.0,59.99,59.99,0.0,0,0,0,375
2023-03-07,54145.0,59.99,59.99,0.0,0,0,0,376
2023-03-08,53279.0,59.99,59.99,0.0,0,0,0,377
2023-03-09,51995.0,59.99,59.99,0.0,0,0,0,378
2023-03-10,57180.0,59.99,59.99,0.0,0,0,0,379
2023-03-11,70523.0,59.99,59.99,0.0,0,1,0,380
2023-03-12,71543.0,59.99,59.99,0.0,0,1,0,381
2023-03-13,52172.0,59.99,59.99,0.0,0,0,0,382
2023-03-14,51828.0,59.99,59.99,0.0,0,0,0,383
2023-03-15,51380.0,59.99,59.99,0.0,0,0,0,384
2023-03-16,49925.0,59.99,59.99,0.0,0,0,0,385
2023-03-17,53979.0,59.99,59.99,0.0,0,0,0,386
2023-03-18,65288.0,59.99,59.99,0.0,0,1,0,387
2023-03-19,65715.0,59.99,59.99,0.0,0,1,0,388
2023-03-20,48532.0,59.99,59.99,0.0,0,0,0,389
2023-03-21,47647.0,59.99,59.99,0.0,0,0,0,390
2023-03-22,46180.0,59.99,59.99,0.0,0,0,0,391
2023-03-23,41925.0,59.99,59.99,0.0,0,0,0,392
2023-03-24,49453.0,59.99,59.99,0.0,0,0,0,393
2023-03-25,59695.0,59.99,59.99,0.0,0,1,0,394
2023-03-26,61855.0,59.99,59.99,0.0,0,1,0,395
2023-03-27,46494.0,59.99,59.99,0.0,0,0,0,396
2023-03-28,45767.0,59.99,59.99,0.0,0,0,0,397
2023-03-29,44975.0,59.99,59.99,0.0,0,0,0,398
2023-03-30,44684.0,59.99,59.99,0.0,0,0,0,399
2023-03-31,48691.0,59.99,59.99,0.0,0,0,0,400
2023-04-01,58457.0,59.99,59.99,0.0,0,1,0,401
2023-04-02,59445.0,59.99,59.99,0.0,0,1,0,402
2023-04-03,45291.0,59.99,59.99,0.0,0,0,0,403
2023-04-04,47166.0,59.99,59.99,0.0,0,0,0,404
2023-04-05,45090.0,59.99,59.99,0.0,0,0,0,405
2023-04-06,45717.0,59.99,59.99,0.0,0,0,0,406
2023-04-07,52364.0,59.99,59.99,0.0,0,0,0,407
2023-04-08,55428.0,59.99,59.99,0.0,0,1,0,408
2023-04-09,52760.0,59.99,59.99,0.0,0,1,0,409
2023-04-10,50213.0,59.99,59.99,0.0,0,0,0,410
2023-04-11,42467.0,59.99,59.99,0.0,0,0,0,411
2023-04-12,41017.0,59.99,59.99,0.0,0,0,0,412
2023-04-13,39691.0,59.99,59.99,0.0,0,0,0,413
2023-04-14,43496.0,59.99,59.99,0.0,0,0,0,414
2023-04-15,52158.0,59.99,59.99,0.0,0,1,0,415
2023-04-16,51836.0,59.99,59.99,0.0,0,1,0,416
2023-04-17,38321.0,59.99,59.99,0.0,0,0,0,417
2023-04-18,36923.0,59.99,59.99,0.0,0,0,0,418
2023-04-19,36584.0,59.99,59.99,0.0,0,0,0,419
2023-04-20,36097.0,59.99,59.99,0.0,0,0,0,420
2023-04-21,39789.0,59.99,59.99,0.0,0,0,0,421
2023-04-22,46426.0,59.99,59.99,0.0,0,1,0,422
2023-04-23,48967.0,59.99,59.99,0.0,0,1,0,423
2023-04-24,36830.0,59.99,59.99,0.0,0,0,0,424
2023-04-25,36068.0,59.99,59.99,0.0,0,0,0,425
2023-04-26,32758.0,59.99,59.99,0.0,0,0,0,426
2023-04-27,32122.0,59.99,59.99,0.0,0,0,0,427
2023-04-28,34267.0,59.99,59.99,0.0,0,0,0,428
2023-04-29,41783.0,59.99,59.99,0.0,0,1,0,429
2023-04-30,43676.0,59.99,59.99,0.0,0,1,0,430
2023-05-01,40361.0,59.99,59.99,0.0,0,0,0,431
2023-05-02,31921.0,59.99,59.99,0.0,0,0,0,432
2023-05-03,30916.0,59.99,59.99,0.0,0,0,0,433
2023-05-04,31508.0,59.99,59.99,0.0,0,0,0,434
2023-05-05,33930.0,59.99,59.99,0.0,0,0,0,435
2023-05-06,43178.0,59.99,59.99,0.0,0,1,0,436
2023-05-07,43846.0,59.99,59.99,0.0,0,1,0,437
2023-05-08,34919.0,59.99,59.99,0.0,0,0,0,438
2023-05-09,31837.0,59.99,59.99,0.0,0,0,0,439
2023-05-10,30793.0,59.99,59.99,0.0,0,0,0,440
2023-05-11,30088.0,59.99,59.99,0.0,0,0,0,441
2023-05-12,32558.0,59.99,59.99,0.0,0,0,0,442
2023-05-13,38122.0,59.99,59.99,0.0,0,1,0,443
2023-05-14,38263.0,59.99,59.99,0.0,0,1,0,444
2023-05-15,28691.0,59.99,59.99,0.0,0,0,0,445
2023-05-16,28813.0,59.99,59.99,0.0,0,0,0,446
2023-05-17,28575.0,59.99,59.99,0.0,0,0,0,447
2023-05-18,30038.0,59.99,59.99,0.0,0,0,0,448
2023-05-19,31166.0,59.99,59.99,0.0,0,0,0,449
2023-05-20,36420.0,59.99,59.99,0.0,0,1,0,450
2023-05-21,36887.0,59.99,59.99,0.0,0,1,0,451
2023-05-22,28020.0,59.99,59.99,0.0,0,0,0,452
2023-05-23,27566.0,59.99,59.99,0.0,0,0,0,453
2023-05-24,26774.0,59.99,59.99,0.0,0,0,0,454
2023-05-25,26577.0,59.99,59.99,0.0,0,0,0,455
2023-05-26,29204.0,59.99,59.99,0.0,0,0,0,456
2023-05-27,35042.0,59.99,59.99,0.0,0,1,0,457
2023-05-28,35342.0,59.99,59.99,0.0,0,1,0,458
2023-05-29,33901.0,59.99,59.99,0.0,0,0,1,459
2023-05-30,27495.0,59.99,59.99,0.0,0,0,0,460
2023-05-31,26947.0,59.99,59.99,0.0,0,0,0,461
2023-06-01,26249.0,59.99,59.99,0.0,0,0,0,462
2023-06-02,27818.0,59.99,59.99,0.0,0,0,0,463
2023-06-03,32677.0,59.99,59.99,0.0,0,1,0,464
2023-06-04,33545.0,59.99,59.99,0.0,0,1,0,465
2023-06-05,26296.0,59.99,59.99,0.0,0,0,0,466
2023-06-06,25368.0,59.99,59.99,0.0,0,0,0,467
2023-06-07,24679.0,59.99,59.99,0.0,0,0,0,468
2023-06-08,25851.0,59.99,59.99,0.0,0,0,0,469
2023-06-09,26273.0,59.99,59.99,0.0,0,0,0,470
2023-06-10,30805.0,59.99,59.99,0.0,0,1,0,471
2023-06-11,31366.0,59.99,59.99,0.0,0,1,0,472
2023-06-12,25086.0,59.99,59.99,0.0,0,0,0,473
2023-06-13,24103.0,59.99,59.99,0.0,0,0,0,474
2023-06-14,23868.0,59.99,59.99,0.0,0,0,0,475
2023-06-15,23082.0,59.99,59.99,0.0,0,0,0,476
2023-06-16,25001.0,59.99,59.99,0.0,0,0,0,477
2023-06-17,29745.0,59.99,59.99,0.0,0,1,0,478
2023-06-18,29793.0,59.99,59.99,0.0,0,1,0,479
2023-06-19,24623.0,59.99,59.99,0.0,0,0,1,480
2023-06-20,24203.0,59.99,59.99,0.0,0,0,0,481
2023-06-21,24252.0,59.99,59.99,0.0,0,0,0,482
2023-06-22,24233.0,59.99,59.99,0.0,0,0,0,483
2023-06-23,25453.0,59.99,59.99,0.0,0,0,0,484
2023-06-24,29001.0,59.99,59.99,0.0,0,1,0,485
2023-06-25,30817.0,59.99,59.99,0.0,0,1,0,486
2023-06-26,24927.0,59.99,59.99,0.0,0,0,0,487
2023-06-27,25072.0,59.99,59.99,0.0,0,0,0,488
2023-06-28,24122.0,59.99,59.99,0.0,0,0,0,489
2023-06-29,23957.0,41.99,59.99,30.005000833472245,1,0,0,490
2023-06-30,34701.0,41.99,59.99,30.005000833472245,1,0,0,491
2023-07-01,44095.0,41.99,59.99,30.005000833472245,1,1,0,492
2023-07-02,48446.0,41.99,59.99,30.005000833472245,1,1,0,493
2023-07-03,44497.0,41.99,59.99,30.005000833472245,1,0,0,494
2023-07-04,46512.0,41.99,59.99,30.005000833472245,1,0,1,495
2023-07-05,45109.0,41.99,59.99,30.005000833472245,1,0,0,496
2023-07-06,44781.0,41.99,59.99,30.005000833472245,1,0,0,497
2023-07-07,47260.0,41.99,59.99,30.005000833472245,1,0,0,498
2023-07-08,53546.0,41.99,59.99,30.005000833472245,1,1,0,499
2023-07-09,55553.0,41.99,59.99,30.005000833472245,1,1,0,500
2023-07-10,48361.0,41.99,59.99,30.005000833472245,1,0,0,501
2023-07-11,48747.0,41.99,59.99,30.005000833472245,1,0,0,502
2023-07-12,49016.0,41.99,59.99,30.005000833472245,1,0,0,503
2023-07-13,49362.0,59.99,59.99,0.0,0,0,0,504
2023-07-14,49961.0,59.99,59.99,0.0,0,0,0,505
2023-07-15,55071.0,59.99,59.99,0.0,0,1,0,506
2023-07-16,56869.0,59.99,59.99,0.0,0,1,0,507
2023-07-17,48717.0,59.99,59.99,0.0,0,0,0,508
2023-07-18,48379.0,59.99,59.99,0.0,0,0,0,509
2023-07-19,46479.0,59.99,59.99,0.0,0,0,0,510
2023-07-20,45382.0,59.99,59.99,0.0,0,0,0,511
2023-07-21,45411.0,59.99,59.99,0.0,0,0,0,512
2023-07-22,50369.0,59.99,59.99,0.0,0,1,0,513
2023-07-23,51603.0,59.99,59.99,0.0,0,1,0,514
2023-07-24,44154.0,59.99,59.99,0.0,0,0,0,515
2023-07-25,43352.0,59.99,59.99,0.0,0,0,0,516
2023-07-26,42581.0,59.99,59.99,0.0,0,0,0,517
2023-07-27,42926.0,59.99,59.99,0.0,0,0,0,518
2023-07-28,44497.0,59.99,59.99,0.0,0,0,0,519
2023-07-29,49819.0,59.99,59.99,0.0,0,1,0,520
2023-07-30,50677.0,59.99,59.99,0.0,0,1,0,521
2023-07-31,43165.0,59.99,59.99,0.0,0,0,0,522
2023-08-01,42618.0,59.99,59.99,0.0,0,0,0,523
2023-08-02,41846.0,59.99,59.99,0.0,0,0,0,524
2023-08-03,41135.0,59.99,59.99,0.0,0,0,0,525
2023-08-04,40451.0,59.99,59.99,0.0,0,0,0,526
2023-08-05,45275.0,59.99,59.99,0.0,0,1,0,527
2023-08-06,46218.0,59.99,59.99,0.0,0,1,0,528
2023-08-07,39367.0,59.99,59.99,0.0,0,0,0,529
2023-08-08,38470.0,59.99,59.99,0.0,0,0,0,530
2023-08-09,37054.0,59.99,59.99,0.0,0,0,0,531
2023-08-10,36260.0,59.99,59.99,0.0,0,0,0,532
2023-08-11,37030.0,59.99,59.99,0.0,0,0,0,533
2023-08-12,41293.0,59.99,59.99,0.0,0,1,0,534
2023-08-13,42458.0,59.99,59.99,0.0,0,1,0,535
2023-08-14,36537.0,59.99,59.99,0.0,0,0,0,536
2023-08-15,36616.0,59.99,59.99,0.0,0,0,0,537
2023-08-16,33649.0,59.99,59.99,0.0,0,0,0,538
2023-08-17,33314.0,59.99,59.99,0.0,0,0,0,539
2023-08-18,34245.0,59.99,59.99,0.0,0,0,0,540
2023-08-19,38415.0,59.99,59.99,0.0,0,1,0,541
2023-08-20,40203.0,59.99,59.99,0.0,0,1,0,542
2023-08-21,33921.0,59.99,59.99,0.0,0,0,0,543
2023-08-22,33804.0,59.99,59.99,0.0,0,0,0,544
2023-08-23,33701.0,59.99,59.99,0.0,0,0,0,545
2023-08-24,33088.0,59.99,59.99,0.0,0,0,0,546
2023-08-25,34156.0,59.99,59.99,0.0,0,0,0,547
2023-08-26,38469.0,59.99,59.99,0.0,0,1,0,548
2023-08-27,39998.0,59.99,59.99,0.0,0,1,0,549
2023-08-28,33619.0,59.99,59.99,0.0,0,0,0,550
2023-08-29,33450.0,59.99,59.99,0.0,0,0,0,551
2023-08-30,32412.0,59.99,59.99,0.0,0,0,0,552
2023-08-31,31322.0,59.99,59.99,0.0,0,0,0,553
2023-09-01,32617.0,59.99,59.99,0.0,0,0,0,554
2023-09-02,37065.0,59.99,59.99,0.0,0,1,0,555
2023-09-03,37504.0,59.99,59.99,0.0,0,1,0,556
2023-09-04,32509.0,59.99,59.99,0.0,0,0,1,557
2023-09-05,30036.0,59.99,59.99,0.0,0,0,0,558
2023-09-06,28779.0,59.99,59.99,0.0,0,0,0,559
2023-09-07,28899.0,59.99,59.99,0.0,0,0,0,560
2023-09-08,30655.0,59.99,59.99,0.0,0,0,0,561
2023-09-09,35489.0,59.99,59.99,0.0,0,1,0,562
2023-09-10,36531.0,59.99,59.99,0.0,0,1,0,563
2023-09-11,28897.0,59.99,59.99,0.0,0,0,0,564
2023-09-12,28315.0,59.99,59.99,0.0,0,0,0,565
2023-09-13,28317.0,59.99,59.99,0.0,0,0,0,566
2023-09-14,27549.0,59.99,59.99,0.0,0,0,0,567
2023-09-15,29593.0,59.99,59.99,0.0,0,0,0,568
2023-09-16,35065.0,59.99,59.99,0.0,0,1,0,569
2023-09-17,36276.0,59.99,59.99,0.0,0,1,0,570
2023-09-18,28025.0,59.99,59.99,0.0,0,0,0,571
2023-09-19,27380.0,59.99,59.99,0.0,0,0,0,572
2023-09-20,26954.0,59.99,59.99,0.0,0,0,0,573
2023-09-21,26641.0,59.99,59.99,0.0,0,0,0,574
2023-09-22,28182.0,59.99,59.99,0.0,0,0,0,575
2023-09-23,34020.0,59.99,59.99,0.0,0,1,0,576
2023-09-24,33765.0,59.99,59.99,0.0,0,1,0,577
2023-09-25,26551.0,59.99,59.99,0.0,0,0,0,578
2023-09-26,25803.0,59.99,59.99,0.0,0,0,0,579
2023-09-27,25405.0,59.99,59.99,0.0,0,0,0,580
2023-09-28,24201.0,59.99,59.99,0.0,0,0,0,581
2023-09-29,24880.0,59.99,59.99,0.0,0,0,0,582
2023-09-30,29925.0,59.99,59.99,0.0,0,1,0,583
2023-10-01,31514.0,59.99,59.99,0.0,0,1,0,584
2023-10-02,24532.0,59.99,59.99,0.0,0,0,0,585
2023-10-03,25344.0,59.99,59.99,0.0,0,0,0,586
2023-10-04,24653.0,59.99,59.99,0.0,0,0,0,587
2023-10-05,24910.0,39.59,59.99,34.00566761126854,1,0,0,588
2023-10-06,35366.0,39.59,59.99,34.00566761126854,1,0,0,589
2023-10-07,49133.0,39.59,59.99,34.00566761126854,1,1,0,590
2023-10-08,56348.0,39.59,59.99,34.00566761126854,1,1,0,591
2023-10-09,50167.0,39.59,59.99,34.00566761126854,1,0,1,592
2023-10-10,50318.0,39.59,59.99,34.00566761126854,1,0,0,593
2023-10-11,50566.0,39.59,59.99,34.00566761126854,1,0,0,594
2023-10-12,53336.0,39.59,59.99,34.00566761126854,1,0,0,595
2023-10-13,56180.0,39.59,59.99,34.00566761126854,1,0,0,596
2023-10-14,66989.0,39.59,59.99,34.00566761126854,1,1,0,597
2023-10-15,66860.0,39.59,59.99,34.00566761126854,1,1,0,598
2023-10-16,57215.0,39.59,59.99,34.00566761126854,1,0,0,599
2023-10-17,58179.0,39.59,59.99,34.00566761126854,1,0,0,600
2023-10-18,57859.0,39.59,59.99,34.00566761126854,1,0,0,601
2023-10-19,58366.0,59.99,59.99,0.0,0,0,0,602
2023-10-20,60850.0,59.99,59.99,0.0,0,0,0,603
2023-10-21,67628.0,59.99,59.99,0.0,0,1,0,604
2023-10-22,66060.0,59.99,59.99,0.0,0,1,0,605
2023-10-23,55129.0,59.99,59.99,0.0,0,0,0,606
2023-10-24,53871.0,59.99,59.99,0.0,0,0,0,607
2023-10-25,52617.0,59.99,59.99,0.0,0,0,0,608
2023-10-26,50997.0,59.99,59.99,0.0,0,0,0,609
2023-10-27,52742.0,59.99,59.99,0.0,0,0,0,610
2023-10-28,57416.0,59.99,59.99,0.0,0,1,0,611
2023-10-29,56747.0,59.99,59.99,0.0,0,1,0,612
2023-10-30,46785.0,59.99,59.99,0.0,0,0,0,613
2023-10-31,45790.0,59.99,59.99,0.0,0,0,0,614
2023-11-01,46531.0,59.99,59.99,0.0,0,0,0,615
2023-11-02,45364.0,59.99,59.99,0.0,0,0,0,616
2023-11-03,45831.0,59.99,59.99,0.0,0,0,0,617
2023-11-04,51749.0,59.99,59.99,0.0,0,1,0,618
2023-11-05,50175.0,59.99,59.99,0.0,0,1,0,619
2023-11-06,41134.0,59.99,59.99,0.0,0,0,0,620
2023-11-07,39764.0,59.99,59.99,0.0,0,0,0,621
2023-11-08,38176.0,59.99,59.99,0.0,0,0,0,622
2023-11-09,38081.0,59.99,59.99,0.0,0,0,0,623
2023-11-10,40600.0,59.99,59.99,0.0,0,0,1,624
2023-11-11,46949.0,59.99,59.99,0.0,0,1,1,625
2023-11-12,46493.0,59.99,59.99,0.0,0,1,0,626
2023-11-13,36340.0,59.99,59.99,0.0,0,0,0,627
2023-11-14,36264.0,59.99,59.99,0.0,0,0,0,628
2023-11-15,35954.0,59.99,59.99,0.0,0,0,0,629
2023-11-16,34647.0,59.99,59.99,0.0,0,0,0,630
2023-11-17,37405.0,59.99,59.99,0.0,0,0,0,631
2023-11-18,44309.0,59.99,59.99,0.0,0,1,0,632
2023-11-19,43263.0,59.99,59.99,0.0,0,1,0,633
2023-11-20,34873.0,59.99,59.99,0.0,0,0,0,634
2023-11-21,34036.0,59.99,59.99,0.0,0,0,0,635
2023-11-22,34047.0,59.99,59.99,0.0,0,0,0,636
2023-11-23,34137.0,59.99,59.99,0.0,0,0,1,637
2023-11-24,36457.0,59.99,59.99,0.0,0,0,0,638
2023-11-25,41795.0,59.99,59.99,0.0,0,1,0,639
2023-11-26,41982.0,59.99,59.99,0.0,0,1,0,640
2023-11-27,33247.0,59.99,59.99,0.0,0,0,0,641
2023-11-28,33284.0,59.99,59.99,0.0,0,0,0,642
2023-11-29,33865.0,59.99,59.99,0.0,0,0,0,643
2023-11-30,33569.0,59.99,59.99,0.0,0,0,0,644
2023-12-01,36010.0,59.99,59.99,0.0,0,0,0,645
2023-12-02,42363.0,59.99,59.99,0.0,0,1,0,646
2023-12-03,42426.0,59.99,59.99,0.0,0,1,0,647
2023-12-04,33772.0,59.99,59.99,0.0,0,0,0,648
2023-12-05,33102.0,59.99,59.99,0.0,0,0,0,649
2023-12-06,32972.0,59.99,59.99,0.0,0,0,0,650
2023-12-07,32070.0,59.99,59.99,0.0,0,0,0,651
2023-12-08,34537.0,59.99,59.99,0.0,0,0,0,652
2023-12-09,40064.0,59.99,59.99,0.0,0,1,0,653
2023-12-10,40412.0,59.99,59.99,0.0,0,1,0,654
2023-12-11,32305.0,59.99,59.99,0.0,0,0,0,655
2023-12-12,32333.0,59.99,59.99,0.0,0,0,0,656
2023-12-13,32279.0,59.99,59.99,0.0,0,0,0,657
2023-12-14,31960.0,59.99,59.99,0.0,0,0,0,658
2023-12-15,33792.0,59.99,59.99,0.0,0,0,0,659
2023-12-16,40314.0,59.99,59.99,0.0,0,1,0,660
2023-12-17,39838.0,59.99,59.99,0.0,0,1,0,661
2023-12-18,32350.0,59.99,59.99,0.0,0,0,0,662
2023-12-19,33050.0,59.99,59.99,0.0,0,0,0,663
2023-12-20,32553.0,59.99,59.99,0.0,0,0,0,664
2023-12-21,33238.0,35.99,59.99,40.00666777796299,1,0,0,665
2023-12-22,49535.0,35.99,59.99,40.00666777796299,1,0,0,666
2023-12-23,62541.0,35.99,59.99,40.00666777796299,1,1,0,667
2023-12-24,66839.0,35.99,59.99,40.00666777796299,1,1,0,668
2023-12-25,69040.0,35.99,59.99,40.00666777796299,1,0,1,669
2023-12-26,75594.0,35.99,59.99,40.00666777796299,1,0,0,670
2023-12-27,77347.0,35.99,59.99,40.00666777796299,1,0,0,671
2023-12-28,79952.0,35.99,59.99,40.00666777796299,1,0,0,672
2023-12-29,83198.0,35.99,59.99,40.00666777796299,1,0,0,673
2023-12-30,88431.0,35.99,59.99,40.00666777796299,1,1,0,674
2023-12-31,85441.0,35.99,59.99,40.00666777796299,1,1,0,675
2024-01-01,87674.0,35.99,59.99,40.00666777796299,1,0,1,676
2024-01-02,89709.0,35.99,59.99,40.00666777796299,1,0,0,677
2024-01-03,89888.0,35.99,59.99,40.00666777796299,1,0,0,678
2024-01-04,89164.0,59.99,59.99,0.0,0,0,0,679
2024-01-05,92205.0,59.99,59.99,0.0,0,0,0,680
2024-01-06,99048.0,59.99,59.99,0.0,0,1,0,681
2024-01-07,95996.0,59.99,59.99,0.0,0,1,0,682
2024-01-08,79078.0,59.99,59.99,0.0,0,0,0,683
2024-01-09,77031.0,59.99,59.99,0.0,0,0,0,684
2024-01-10,73223.0,59.99,59.99,0.0,0,0,0,685
2024-01-11,70021.0,59.99,59.99,0.0,0,0,0,686
2024-01-12,75076.0,59.99,59.99,0.0,0,0,0,687
2024-01-13,86800.0,59.99,59.99,0.0,0,1,0,688
2024-01-14,86531.0,59.99,59.99,0.0,0,1,0,689
2024-01-15,70948.0,59.99,59.99,0.0,0,0,1,690
2024-01-16,70398.0,59.99,59.99,0.0,0,0,0,691
2024-01-17,70986.0,59.99,59.99,0.0,0,0,0,692
2024-01-18,69666.0,59.99,59.99,0.0,0,0,0,693
2024-01-19,72507.0,59.99,59.99,0.0,0,0,0,694
2024-01-20,82851.0,59.99,59.99,0.0,0,1,0,695
2024-01-21,81742.0,59.99,59.99,0.0,0,1,0,696
2024-01-22,63455.0,59.99,59.99,0.0,0,0,0,697
2024-01-23,61464.0,59.99,59.99,0.0,0,0,0,698
2024-01-24,59960.0,59.99,59.99,0.0,0,0,0,699
2024-01-25,57939.0,59.99,59.99,0.0,0,0,0,700
2024-01-26,59192.0,59.99,59.99,0.0,0,0,0,701
2024-01-27,70061.0,59.99,59.99,0.0,0,1,0,702
2024-01-28,71308.0,59.99,59.99,0.0,0,1,0,703
2024-01-29,55455.0,59.99,59.99,0.0,0,0,0,704
2024-01-30,55391.0,59.99,59.99,0.0,0,0,0,705
2024-01-31,54017.0,59.99,59.99,0.0,0,0,0,706
2024-02-01,51809.0,59.99,59.99,0.0,0,0,0,707
2024-02-02,55152.0,59.99,59.99,0.0,0,0,0,708
2024-02-03,65363.0,59.99,59.99,0.0,0,1,0,709
2024-02-04,68094.0,59.99,59.99,0.0,0,1,0,710
2024-02-05,51567.0,59.99,59.99,0.0,0,0,0,711
2024-02-06,49623.0,59.99,59.99,0.0,0,0,0,712
2024-02-07,48911.0,59.99,59.99,0.0,0,0,0,713
2024-02-08,47684.0,59.99,59.99,0.0,0,0,0,714
2024-02-09,47793.0,59.99,59.99,0.0,0,0,0,715
2024-02-10,58061.0,59.99,59.99,0.0,0,1,0,716
2024-02-11,61612.0,59.99,59.99,0.0,0,1,0,717
2024-02-12,47541.0,59.99,59.99,0.0,0,0,0,718
2024-02-13,48377.0,59.99,59.99,0.0,0,0,0,719
2024-02-14,44926.0,59.99,59.99,0.0,0,0,0,720
2024-02-15,45523.0,59.99,59.99,0.0,0,0,0,721
2024-02-16,48849.0,59.99,59.99,0.0,0,0,0,722
2024-02-17,57520.0,59.99,59.99,0.0,0,1,0,723
2024-02-18,59232.0,59.99,59.99,0.0,0,1,0,724
2024-02-19,46665.0,59.99,59.99,0.0,0,0,1,725
2024-02-20,45866.0,59.99,59.99,0.0,0,0,0,726
2024-02-21,53777.0,59.99,59.99,0.0,0,0,0,727
2024-02-22,70188.0,59.99,59.99,0.0,0,0,0,728
2024-02-23,81361.0,59.99,59.99,0.0,0,0,0,729
2024-02-24,100936.0,59.99,59.99,0.0,0,1,0,730
2024-02-25,108636.0,59.99,59.99,0.0,0,1,0,731
2024-02-26,85679.0,59.99,59.99,0.0,0,0,0,732
2024-02-27,86284.0,59.99,59.99,0.0,0,0,0,733
2024-02-28,87143.0,59.99,59.99,0.0,0,0,0,734
2024-02-29,84933.0,59.99,59.99,0.0,0,0,0,735
2024-03-01,92198.0,59.99,59.99,0.0,0,0,0,736
2024-03-02,112016.0,59.99,59.99,0.0,0,1,0,737
2024-03-03,112406.0,59.99,59.99,0.0,0,1,0,738
2024-03-04,83875.0,59.99,59.99,0.0,0,0,0,739
2024-03-05,83966.0,59.99,59.99,0.0,0,0,0,740
2024-03-06,81357.0,59.99,59.99,0.0,0,0,0,741
2024-03-07,80652.0,59.99,59.99,0.0,0,0,0,742
2024-03-08,88533.0,59.99,59.99,0.0,0,0,0,743
2024-03-09,105190.0,59.99,59.99,0.0,0,1,0,744
2024-03-10,106480.0,59.99,59.99,0.0,0,1,0,745
2024-03-11,79353.0,59.99,59.99,0.0,0,0,0,746
2024-03-12,78858.0,59.99,59.99,0.0,0,0,0,747
2024-03-13,76185.0,59.99,59.99,0.0,0,0,0,748
2024-03-14,73383.0,59.99,59.99,0.0,0,0,0,749
2024-03-15,81480.0,59.99,59.99,0.0,0,0,0,750
2024-03-16,97188.0,59.99,59.99,0.0,0,1,0,751
2024-03-17,97491.0,59.99,59.99,0.0,0,1,0,752
2024-03-18,70410.0,59.99,59.99,0.0,0,0,0,753
2024-03-19,70974.0,59.99,59.99,0.0,0,0,0,754
2024-03-20,69418.0,59.99,59.99,0.0,0,0,0,755
2024-03-21,66205.0,59.99,59.99,0.0,0,0,0,756
2024-03-22,69880.0,59.99,59.99,0.0,0,0,0,757
2024-03-23,88327.0,59.99,59.99,0.0,0,1,0,758
2024-03-24,88765.0,59.99,59.99,0.0,0,1,0,759
2024-03-25,67995.0,59.99,59.99,0.0,0,0,0,760
2024-03-26,66402.0,59.99,59.99,0.0,0,0,0,761
2024-03-27,63873.0,59.99,59.99,0.0,0,0,0,762
2024-03-28,64967.0,59.99,59.99,0.0,0,0,0,763
2024-03-29,75270.0,59.99,59.99,0.0,0,0,0,764
2024-03-30,78511.0,59.99,59.99,0.0,0,1,0,765
2024-03-31,76343.0,59.99,59.99,0.0,0,1,0,766
2024-04-01,72439.0,59.99,59.99,0.0,0,0,0,767
2024-04-02,61059.0,59.99,59.99,0.0,0,0,0,768
2024-04-03,61505.0,59.99,59.99,0.0,0,0,0,769
2024-04-04,60538.0,59.99,59.99,0.0,0,0,0,770
2024-04-05,62981.0,59.99,59.99,0.0,0,0,0,771
2024-04-06,73083.0,59.99,59.99,0.0,0,1,0,772
2024-04-07,77663.0,59.99,59.99,0.0,0,1,0,773
2024-04-08,59807.0,59.99,59.99,0.0,0,0,0,774
2024-04-09,59315.0,59.99,59.99,0.0,0,0,0,775
2024-04-10,57436.0,59.99,59.99,0.0,0,0,0,776
2024-04-11,54303.0,59.99,59.99,0.0,0,0,0,777
2024-04-12,58315.0,59.99,59.99,0.0,0,0,0,778
2024-04-13,68557.0,59.99,59.99,0.0,0,1,0,779
2024-04-14,69045.0,59.99,59.99,0.0,0,1,0,780
2024-04-15,53053.0,59.99,59.99,0.0,0,0,0,781
2024-04-16,52942.0,59.99,59.99,0.0,0,0,0,782
2024-04-17,51690.0,59.99,59.99,0.0,0,0,0,783
2024-04-18,50574.0,59.99,59.99,0.0,0,0,0,784
2024-04-19,55104.0,59.99,59.99,0.0,0,0,0,785
2024-04-20,65986.0,59.99,59.99,0.0,0,1,0,786
2024-04-21,66608.0,59.99,59.99,0.0,0,1,0,787
2024-04-22,50838.0,59.99,59.99,0.0,0,0,0,788
2024-04-23,51088.0,59.99,59.99,0.0,0,0,0,789
2024-04-24,48675.0,59.99,59.99,0.0,0,0,0,790
2024-04-25,48471.0,59.99,59.99,0.0,0,0,0,791
2024-04-26,51155.0,59.99,59.99,0.0,0,0,0,792
2024-04-27,57751.0,59.99,59.99,0.0,0,1,0,793
2024-04-28,61527.0,59.99,59.99,0.0,0,1,0,794
2024-04-29,47015.0,59.99,59.99,0.0,0,0,0,795
2024-04-30,47246.0,59.99,59.99,0.0,0,0,0,796
2024-05-01,53071.0,59.99,59.99,0.0,0,0,0,797
2024-05-02,45095.0,59.99,59.99,0.0,0,0,0,798
2024-05-03,48807.0,59.99,59.99,0.0,0,0,0,799
2024-05-04,57653.0,59.99,59.99,0.0,0,1,0,800
2024-05-05,60435.0,59.99,59.99,0.0,0,1,0,801
2024-05-06,48625.0,59.99,59.99,0.0,0,0,0,802
2024-05-07,47036.0,59.99,59.99,0.0,0,0,0,803
2024-05-08,45502.0,59.99,59.99,0.0,0,0,0,804
2024-05-09,48779.0,59.99,59.99,0.0,0,0,0,805
2024-05-10,49065.0,59.99,59.99,0.0,0,0,0,806
2024-05-11,57961.0,59.99,59.99,0.0,0,1,0,807
2024-05-12,59410.0,59.99,59.99,0.0,0,1,0,808
2024-05-13,47713.0,59.99,59.99,0.0,0,0,0,809
2024-05-14,49685.0,59.99,59.99,0.0,0,0,0,810
2024-05-15,49208.0,59.99,59.99,0.0,0,0,0,811
2024-05-16,48832.0,59.99,59.99,0.0,0,0,0,812
2024-05-17,53689.0,59.99,59.99,0.0,0,0,0,813
2024-05-18,66243.0,59.99,59.99,0.0,0,1,0,814
2024-05-19,68656.0,59.99,59.99,0.0,0,1,0,815
2024-05-20,61041.0,59.99,59.99,0.0,0,0,0,816
2024-05-21,56408.0,59.99,59.99,0.0,0,0,0,817
2024-05-22,61167.0,59.99,59.99,0.0,0,0,0,818
2024-05-23,59191.0,59.99,59.99,0.0,0,0,0,819
2024-05-24,67436.0,59.99,59.99,0.0,0,0,0,820
2024-05-25,79393.0,59.99,59.99,0.0,0,1,0,821
2024-05-26,82749.0,59.99,59.99,0.0,0,1,0,822
2024-05-27,77569.0,59.99,59.99,0.0,0,0,1,823
2024-05-28,69585.0,59.99,59.99,0.0,0,0,0,824
2024-05-29,68999.0,59.99,59.99,0.0,0,0,0,825
2024-05-30,73544.0,59.99,59.99,0.0,0,0,0,826
2024-05-31,75739.0,59.99,59.99,0.0,0,0,0,827
2024-06-01,90308.0,59.99,59.99,0.0,0,1,0,828
2024-06-02,94931.0,59.99,59.99,0.0,0,1,0,829
2024-06-03,75184.0,59.99,59.99,0.0,0,0,0,830
2024-06-04,77914.0,59.99,59.99,0.0,0,0,0,831
2024-06-05,89030.0,59.99,59.99,0.0,0,0,0,832
2024-06-06,93372.0,59.99,59.99,0.0,0,0,0,833
2024-06-07,100261.0,59.99,59.99,0.0,0,0,0,834
2024-06-08,121138.0,59.99,59.99,0.0,0,1,0,835
2024-06-09,132915.0,59.99,59.99,0.0,0,1,0,836
2024-06-10,106494.0,59.99,59.99,0.0,0,0,0,837
2024-06-11,111207.0,59.99,59.99,0.0,0,0,0,838
2024-06-12,115872.0,59.99,59.99,0.0,0,0,0,839
2024-06-13,117583.0,59.99,59.99,0.0,0,0,0,840
2024-06-14,128355.0,59.99,59.99,0.0,0,0,0,841
2024-06-15,160525.0,59.99,59.99,0.0,0,1,0,842
2024-06-16,174463.0,59.99,59.99,0.0,0,1,0,843
2024-06-17,159356.0,59.99,59.99,0.0,0,0,0,844
2024-06-18,169779.0,59.99,59.99,0.0,0,0,0,845
2024-06-19,194570.0,59.99,59.99,0.0,0,0,1,846
2024-06-20,558139.0,59.99,59.99,0.0,0,0,0,847
2024-06-21,739677.0,59.99,59.99,0.0,0,0,0,848
2024-06-22,781261.0,59.99,59.99,0.0,0,1,0,849
2024-06-23,766158.0,59.99,59.99,0.0,0,1,0,850
2024-06-24,632363.0,59.99,59.99,0.0,0,0,0,851
2024-06-25,572778.0,59.99,59.99,0.0,0,0,0,852
2024-06-26,531676.0,59.99,59.99,0.0,0,0,0,853
2024-06-27,484319.0,41.99,59.99,30.005000833472245,1,0,0,854
2024-06-28,476221.0,41.99,59.99,30.005000833472245,1,0,0,855
2024-06-29,519761.0,41.99,59.99,30.005000833472245,1,1,0,856
2024-06-30,533563.0,41.99,59.99,30.005000833472245,1,1,0,857
2024-07-01,431449.0,41.99,59.99,30.005000833472245,1,0,0,858
2024-07-02,410577.0,41.99,59.99,30.005000833472245,1,0,0,859
2024-07-03,390289.0,41.99,59.99,30.005000833472245,1,0,0,860
2024-07-04,357856.0,41.99,59.99,30.005000833472245,1,0,1,861
2024-07-05,360540.0,41.99,59.99,30.005000833472245,1,0,0,862
2024-07-06,402967.0,41.99,59.99,30.005000833472245,1,1,0,863
2024-07-07,398849.0,41.99,59.99,30.005000833472245,1,1,0,864
2024-07-08,313210.0,41.99,59.99,30.005000833472245,1,0,0,865
2024-07-09,302534.0,41.99,59.99,30.005000833472245,1,0,0,866
2024-07-10,282186.0,41.99,59.99,30.005000833472245,1,0,0,867
2024-07-11,271764.0,59.99,59.99,0.0,0,0,0,868
2024-07-12,283636.0,59.99,59.99,0.0,0,0,0,869
2024-07-13,319973.0,59.99,59.99,0.0,0,1,0,870
2024-07-14,319707.0,59.99,59.99,0.0,0,1,0,871
2024-07-15,250046.0,59.99,59.99,0.0,0,0,0,872
2024-07-16,239844.0,59.99,59.99,0.0,0,0,0,873
2024-07-17,224485.0,59.99,59.99,0.0,0,0,0,874
2024-07-18,207832.0,59.99,59.99,0.0,0,0,0,875
2024-07-19,212065.0,59.99,59.99,0.0,0,0,0,876
2024-07-20,239913.0,59.99,59.99,0.0,0,1,0,877
2024-07-21,242663.0,59.99,59.99,0.0,0,1,0,878
2024-07-22,190738.0,59.99,59.99,0.0,0,0,0,879
2024-07-23,186206.0,59.99,59.99,0.0,0,0,0,880
2024-07-24,179482.0,59.99,59.99,0.0,0,0,0,881
2024-07-25,170685.0,59.99,59.99,0.0,0,0,0,882
2024-07-26,174975.0,59.99,59.99,0.0,0,0,0,883
2024-07-27,194927.0,59.99,59.99,0.0,0,1,0,884
2024-07-28,193828.0,59.99,59.99,0.0,0,1,0,885
2024-07-29,154716.0,59.99,59.99,0.0,0,0,0,886
2024-07-30,141146.0,59.99,59.99,0.0,0,0,0,887
2024-07-31,142734.0,59.99,59.99,0.0,0,0,0,888
2024-08-01,137572.0,59.99,59.99,0.0,0,0,0,889
2024-08-02,140965.0,59.99,59.99,0.0,0,0,0,890
2024-08-03,159961.0,59.99,59.99,0.0,0,1,0,891
2024-08-04,162442.0,59.99,59.99,0.0,0,1,0,892
2024-08-05,127883.0,59.99,59.99,0.0,0,0,0,893
2024-08-06,122637.0,59.99,59.99,0.0,0,0,0,894
2024-08-07,117866.0,59.99,59.99,0.0,0,0,0,895
2024-08-08,114320.0,59.99,59.99,0.0,0,0,0,896
2024-08-09,118291.0,59.99,59.99,0.0,0,0,0,897
2024-08-10,131570.0,59.99,59.99,0.0,0,1,0,898
2024-08-11,133651.0,59.99,59.99,0.0,0,1,0,899
2024-08-12,106930.0,59.99,59.99,0.0,0,0,0,900
2024-08-13,97728.0,59.99,59.99,0.0,0,0,0,901
2024-08-14,101603.0,59.99,59.99,0.0,0,0,0,902
2024-08-15,101158.0,59.99,59.99,0.0,0,0,0,903
2024-08-16,100262.0,59.99,59.99,0.0,0,0,0,904
2024-08-17,114695.0,59.99,59.99,0.0,0,1,0,905
2024-08-18,117257.0,59.99,59.99,0.0,0,1,0,906
2024-08-19,91569.0,59.99,59.99,0.0,0,0,0,907
2024-08-20,75811.0,59.99,59.99,0.0,0,0,0,908
2024-08-21,72594.0,59.99,59.99,0.0,0,0,0,909
2024-08-22,70836.0,59.99,59.99,0.0,0,0,0,910
2024-08-23,73889.0,59.99,59.99,0.0,0,0,0,911
2024-08-24,84251.0,59.99,59.99,0.0,0,1,0,912
2024-08-25,87129.0,59.99,59.99,0.0,0,1,0,913
2024-08-26,66588.0,59.99,59.99,0.0,0,0,0,914
2024-08-27,63800.0,59.99,59.99,0.0,0,0,0,915
2024-08-28,61039.0,59.99,59.99,0.0,0,0,0,916
2024-08-29,59857.0,59.99,59.99,0.0,0,0,0,917
2024-08-30,64172.0,59.99,59.99,0.0,0,0,0,918
2024-08-31,73923.0,59.99,59.99,0.0,0,1,0,919
2024-09-01,75046.0,59.99,59.99,0.0,0,1,0,920
2024-09-02,66696.0,59.99,59.99,0.0,0,0,1,921
2024-09-03,55899.0,59.99,59.99,0.0,0,0,0,922
2024-09-04,54939.0,59.99,59.99,0.0,0,0,0,923
2024-09-05,53475.0,59.99,59.99,0.0,0,0,0,924
2024-09-06,57677.0,59.99,59.99,0.0,0,0,0,925
2024-09-07,69709.0,59.99,59.99,0.0,0,1,0,926
2024-09-08,71224.0,59.99,59.99,0.0,0,1,0,927
2024-09-09,53054.0,59.99,59.99,0.0,0,0,0,928
2024-09-10,51230.0,59.99,59.99,0.0,0,0,0,929
2024-09-11,48109.0,59.99,59.99,0.0,0,0,0,930
2024-09-12,52523.0,59.99,59.99,0.0,0,0,0,931
2024-09-13,56175.0,59.99,59.99,0.0,0,0,0,932
2024-09-14,68231.0,59.99,59.99,0.0,0,1,0,933
2024-09-15,71234.0,59.99,59.99,0.0,0,1,0,934
2024-09-16,54350.0,59.99,59.99,0.0,0,0,0,935
2024-09-17,51432.0,59.99,59.99,0.0,0,0,0,936
2024-09-18,51863.0,59.99,59.99,0.0,0,0,0,937
2024-09-19,50772.0,41.99,59.99,30.005000833472245,1,0,0,938
2024-09-20,57401.0,41.99,59.99,30.005000833472245,1,0,0,939
2024-09-21,71182.0,41.99,59.99,30.005000833472245,1,1,0,940
2024-09-22,74241.0,41.99,59.99,30.005000833472245,1,1,0,941
2024-09-23,57695.0,41.99,59.99,30.005000833472245,1,0,0,942
2024-09-24,57427.0,41.99,59.99,30.005000833472245,1,0,0,943
2024-09-25,55908.0,41.99,59.99,30.005000833472245,1,0,0,944
2024-09-26,54919.0,59.99,59.99,0.0,0,0,0,945
2024-09-27,57971.0,59.99,59.99,0.0,0,0,0,946
2024-09-28,65854.0,59.99,59.99,0.0,0,1,0,947
2024-09-29,66687.0,59.99,59.99,0.0,0,1,0,948
2024-09-30,50270.0,59.99,59.99,0.0,0,0,0,949
2024-10-01,48445.0,59.99,59.99,0.0,0,0,0,950
2024-10-02,47163.0,59.99,59.99,0.0,0,0,0,951
2024-10-03,47545.0,59.99,59.99,0.0,0,0,0,952
2024-10-04,49412.0,59.99,59.99,0.0,0,0,0,953
2024-10-05,58617.0,59.99,59.99,0.0,0,1,0,954
2024-10-06,61587.0,59.99,59.99,0.0,0,1,0,955
2024-10-07,45874.0,59.99,59.99,0.0,0,0,0,956
2024-10-08,46672.0,59.99,59.99,0.0,0,0,0,957
2024-10-09,45556.0,59.99,59.99,0.0,0,0,0,958
2024-10-10,44675.0,59.99,59.99,0.0,0,0,0,959
2024-10-11,47272.0,59.99,59.99,0.0,0,0,0,960
2024-10-12,56976.0,59.99,59.99,0.0,0,1,0,961
2024-10-13,56621.0,59.99,59.99,0.0,0,1,0,962
2024-10-14,44487.0,59.99,59.99,0.0,0,0,1,963
2024-10-15,42698.0,59.99,59.99,0.0,0,0,0,964
2024-10-16,42706.0,59.99,59.99,0.0,0,0,0,965
2024-10-17,40922.0,59.99,59.99,0.0,0,0,0,966
2024-10-18,44621.0,59.99,59.99,0.0,0,0,0,967
2024-10-19,53206.0,59.99,59.99,0.0,0,1,0,968
2024-10-20,54059.0,59.99,59.99,0.0,0,1,0,969
2024-10-21,41987.0,59.99,59.99,0.0,0,0,0,970
2024-10-22,42811.0,59.99,59.99,0.0,0,0,0,971
2024-10-23,41954.0,59.99,59.99,0.0,0,0,0,972
2024-10-24,41782.0,59.99,59.99,0.0,0,0,0,973
2024-10-25,44504.0,59.99,59.99,0.0,0,0,0,974
2024-10-26,51058.0,59.99,59.99,0.0,0,1,0,975
2024-10-27,50484.0,59.99,59.99,0.0,0,1,0,976
2024-10-28,40759.0,59.99,59.99,0.0,0,0,0,977
2024-10-29,39818.0,59.99,59.99,0.0,0,0,0,978
2024-10-30,38987.0,59.99,59.99,0.0,0,0,0,979
2024-10-31,38979.0,59.99,59.99,0.0,0,0,0,980
2024-11-01,41850.0,59.99,59.99,0.0,0,0,0,981
2024-11-02,44449.0,59.99,59.99,0.0,0,1,0,982
2024-11-03,46820.0,59.99,59.99,0.0,0,1,0,983
2024-11-04,36806.0,59.99,59.99,0.0,0,0,0,984
2024-11-05,35972.0,59.99,59.99,0.0,0,0,0,985
2024-11-06,35332.0,59.99,59.99,0.0,0,0,0,986
2024-11-07,34462.0,59.99,59.99,0.0,0,0,0,987
2024-11-08,37537.0,59.99,59.99,0.0,0,0,0,988
2024-11-09,44916.0,59.99,59.99,0.0,0,1,0,989
2024-11-10,45155.0,59.99,59.99,0.0,0,1,0,990
2024-11-11,36929.0,59.99,59.99,0.0,0,0,1,991
2024-11-12,34949.0,59.99,59.99,0.0,0,0,0,992
2024-11-13,35336.0,59.99,59.99,0.0,0,0,0,993
2024-11-14,34295.0,59.99,59.99,0.0,0,0,0,994
2024-11-15,38308.0,59.99,59.99,0.0,0,0,0,995
2024-11-16,44663.0,59.99,59.99,0.0,0,1,0,996
2024-11-17,45837.0,59.99,59.99,0.0,0,1,0,997
2024-11-18,35039.0,59.99,59.99,0.0,0,0,0,998
2024-11-19,35054.0,59.99,59.99,0.0,0,0,0,999
2024-11-20,35209.0,59.99,59.99,0.0,0,0,0,1000
2024-11-21,33292.0,59.99,59.99,0.0,0,0,0,1001
2024-11-22,36600.0,59.99,59.99,0.0,0,0,0,1002
2024-11-23,43893.0,59.99,59.99,0.0,0,1,0,1003
2024-11-24,44081.0,59.99,59.99,0.0,0,1,0,1004
2024-11-25,33768.0,59.99,59.99,0.0,0,0,0,1005
2024-11-26,33974.0,59.99,59.99,0.0,0,0,0,1006
2024-11-27,34019.0,59.99,59.99,0.0,0,0,0,1007
2024-11-28,34591.0,59.99,59.99,0.0,0,0,1,1008
2024-11-29,37099.0,59.99,59.99,0.0,0,0,0,1009
2024-11-30,43601.0,59.99,59.99,0.0,0,1,0,1010
2024-12-01,43402.0,59.99,59.99,0.0,0,1,0,1011
2024-12-02,33381.0,59.99,59.99,0.0,0,0,0,1012
2024-12-03,33204.0,59.99,59.99,0.0,0,0,0,1013
2024-12-04,32572.0,59.99,59.99,0.0,0,0,0,1014
2024-12-05,32969.0,59.99,59.99,0.0,0,0,0,1015
2024-12-06,34976.0,59.99,59.99,0.0,0,0,0,1016
2024-12-07,41698.0,59.99,59.99,0.0,0,1,0,1017
2024-12-08,41720.0,59.99,59.99,0.0,0,1,0,1018
2024-12-09,32564.0,59.99,59.99,0.0,0,0,0,1019
2024-12-10,31893.0,59.99,59.99,0.0,0,0,0,1020
2024-12-11,31722.0,59.99,59.99,0.0,0,0,0,1021
2024-12-12,31233.0,59.99,59.99,0.0,0,0,0,1022
2024-12-13,37620.0,59.99,59.99,0.0,0,0,0,1023
2024-12-14,46773.0,59.99,59.99,0.0,0,1,0,1024
2024-12-15,47716.0,59.99,59.99,0.0,0,1,0,1025
2024-12-16,37051.0,59.99,59.99,0.0,0,0,0,1026
2024-12-17,37697.0,59.99,59.99,0.0,0,0,0,1027
2024-12-18,37515.0,59.99,59.99,0.0,0,0,0,1028
2024-12-19,37793.0,35.99,59.99,40.00666777796299,1,0,0,1029
2024-12-20,51497.0,35.99,59.99,40.00666777796299,1,0,0,1030
2024-12-21,64495.0,35.99,59.99,40.00666777796299,1,1,0,1031
2024-12-22,69195.0,35.99,59.99,40.00666777796299,1,1,0,1032
2024-12-23,64896.0,35.99,59.99,40.00666777796299,1,0,0,1033
2024-12-24,66623.0,35.99,59.99,40.00666777796299,1,0,0,1034
2024-12-25,65600.0,35.99,59.99,40.00666777796299,1,0,1,1035
2024-12-26,70486.0,35.99,59.99,40.00666777796299,1,0,0,1036
2024-12-27,72912.0,35.99,59.99,40.00666777796299,1,0,0,1037
2024-12-28,78689.0,35.99,59.99,40.00666777796299,1,1,0,1038
2024-12-29,79862.0,35.99,59.99,40.00666777796299,1,1,0,1039
2024-12-30,75653.0,35.99,59.99,40.00666777796299,1,0,0,1040
2024-12-31,75424.0,35.99,59.99,40.00666777796299,1,0,0,1041
2025-01-01,75507.0,35.99,59.99,40.00666777796299,1,0,1,1042
2025-01-02,74842.0,59.99,59.99,0.0,0,0,0,1043
2025-01-03,78245.0,59.99,59.99,0.0,0,0,0,1044
2025-01-04,83919.0,59.99,59.99,0.0,0,1,0,1045
2025-01-05,80878.0,59.99,59.99,0.0,0,1,0,1046
2025-01-06,69288.0,59.99,59.99,0.0,0,0,0,1047
2025-01-07,63209.0,59.99,59.99,0.0,0,0,0,1048
2025-01-08,62131.0,59.99,59.99,0.0,0,0,0,1049
2025-01-09,59171.0,59.99,59.99,0.0,0,0,0,1050
2025-01-10,62473.0,59.99,59.99,0.0,0,0,0,1051
2025-01-11,75579.0,59.99,59.99,0.0,0,1,0,1052
2025-01-12,76529.0,59.99,59.99,0.0,0,1,0,1053
2025-01-13,57283.0,59.99,59.99,0.0,0,0,0,1054
2025-01-14,56578.0,59.99,59.99,0.0,0,0,0,1055
2025-01-15,55748.0,59.99,59.99,0.0,0,0,0,1056
2025-01-16,53927.0,59.99,59.99,0.0,0,0,0,1057
2025-01-17,58165.0,59.99,59.99,0.0,0,0,0,1058
2025-01-18,70060.0,59.99,59.99,0.0,0,1,0,1059
2025-01-19,71931.0,59.99,59.99,0.0,0,1,0,1060
2025-01-20,56395.0,59.99,59.99,0.0,0,0,1,1061
2025-01-21,54818.0,59.99,59.99,0.0,0,0,0,1062
2025-01-22,54181.0,59.99,59.99,0.0,0,0,0,1063
2025-01-23,52754.0,59.99,59.99,0.0,0,0,0,1064
2025-01-24,55575.0,59.99,59.99,0.0,0,0,0,1065
2025-01-25,66869.0,59.99,59.99,0.0,0,1,0,1066
2025-01-26,70889.0,59.99,59.99,0.0,0,1,0,1067
2025-01-27,52180.0,59.99,59.99,0.0,0,0,0,1068
2025-01-28,49183.0,59.99,59.99,0.0,0,0,0,1069
2025-01-29,48997.0,59.99,59.99,0.0,0,0,0,1070
2025-01-30,48749.0,59.99,59.99,0.0,0,0,0,1071
2025-01-31,51856.0,59.99,59.99,0.0,0,0,0,1072
2025-02-01,63604.0,59.99,59.99,0.0,0,1,0,1073
2025-02-02,66923.0,59.99,59.99,0.0,0,1,0,1074
2025-02-03,50196.0,59.99,59.99,0.0,0,0,0,1075
2025-02-04,49754.0,59.99,59.99,0.0,0,0,0,1076
2025-02-05,49570.0,59.99,59.99,0.0,0,0,0,1077
2025-02-06,48961.0,59.99,59.99,0.0,0,0,0,1078
2025-02-07,50583.0,59.99,59.99,0.0,0,0,0,1079
2025-02-08,63165.0,59.99,59.99,0.0,0,1,0,1080
2025-02-09,65168.0,59.99,59.99,0.0,0,1,0,1081
2025-02-10,49636.0,59.99,59.99,0.0,0,0,0,1082
2025-02-11,49602.0,59.99,59.99,0.0,0,0,0,1083
2025-02-12,49181.0,59.99,59.99,0.0,0,0,0,1084
2025-02-13,48613.0,59.99,59.99,0.0,0,0,0,1085
2025-02-14,51736.0,59.99,59.99,0.0,0,0,0,1086
2025-02-15,65976.0,59.99,59.99,0.0,0,1,0,1087
2025-02-16,69708.0,59.99,59.99,0.0,0,1,0,1088
2025-02-17,54647.0,59.99,59.99,0.0,0,0,1,1089
2025-02-18,53973.0,59.99,59.99,0.0,0,0,0,1090
2025-02-19,52923.0,59.99,59.99,0.0,0,0,0,1091
2025-02-20,51874.0,59.99,59.99,0.0,0,0,0,1092
2025-02-21,55982.0,59.99,59.99,0.0,0,0,0,1093
2025-02-22,67931.0,59.99,59.99,0.0,0,1,0,1094
2025-02-23,69448.0,59.99,59.99,0.0,0,1,0,1095
2025-02-24,51857.0,59.99,59.99,0.0,0,0,0,1096
2025-02-25,51208.0,59.99,59.99,0.0,0,0,0,1097
2025-02-26,50184.0,59.99,59.99,0.0,0,0,0,1098
2025-02-27,49021.0,59.99,59.99,0.0,0,0,0,1099
2025-02-28,50063.0,59.99,59.99,0.0,0,0,0,1100
2025-03-01,60034.0,59.99,59.99,0.0,0,1,0,1101
2025-03-02,60287.0,59.99,59.99,0.0,0,1,0,1102
2025-03-03,46846.0,59.99,59.99,0.0,0,0,0,1103
2025-03-04,42813.0,59.99,59.99,0.0,0,0,0,1104
2025-03-05,44831.0,59.99,59.99,0.0,0,0,0,1105
2025-03-06,42936.0,59.99,59.99,0.0,0,0,0,1106
2025-03-07,45991.0,59.99,59.99,0.0,0,0,0,1107
2025-03-08,55101.0,59.99,59.99,0.0,0,1,0,1108
2025-03-09,56624.0,59.99,59.99,0.0,0,1,0,1109
2025-03-10,42750.0,59.99,59.99,0.0,0,0,0,1110
2025-03-11,42782.0,59.99,59.99,0.0,0,0,0,1111
2025-03-12,42460.0,59.99,59.99,0.0,0,0,0,1112
2025-03-13,42462.0,35.99,59.99,40.00666777796299,1,0,0,1113
2025-03-14,53192.0,35.99,59.99,40.00666777796299,1,0,0,1114
2025-03-15,68692.0,35.99,59.99,40.00666777796299,1,1,0,1115
2025-03-16,72543.0,35.99,59.99,40.00666777796299,1,1,0,1116
2025-03-17,57058.0,35.99,59.99,40.00666777796299,1,0,0,1117
2025-03-18,58173.0,35.99,59.99,40.00666777796299,1,0,0,1118
2025-03-19,58434.0,35.99,59.99,40.00666777796299,1,0,0,1119
2025-03-20,58003.0,59.99,59.99,0.0,0,0,0,1120
2025-03-21,63057.0,59.99,59.99,0.0,0,0,0,1121
2025-03-22,74673.0,59.99,59.99,0.0,0,1,0,1122
2025-03-23,75539.0,59.99,59.99,0.0,0,1,0,1123
2025-03-24,58123.0,59.99,59.99,0.0,0,0,0,1124
2025-03-25,56465.0,59.99,59.99,0.0,0,0,0,1125
2025-03-26,54912.0,59.99,59.99,0.0,0,0,0,1126
2025-03-27,52415.0,59.99,59.99,0.0,0,0,0,1127
2025-03-28,57780.0,59.99,59.99,0.0,0,0,0,1128
2025-03-29,68744.0,59.99,59.99,0.0,0,1,0,1129
2025-03-30,69440.0,59.99,59.99,0.0,0,1,0,1130
2025-03-31,54518.0,59.99,59.99,0.0,0,0,0,1131
2025-04-01,52325.0,59.99,59.99,0.0,0,0,0,1132
2025-04-02,49986.0,59.99,59.99,0.0,0,0,0,1133
2025-04-03,50682.0,59.99,59.99,0.0,0,0,0,1134
2025-04-04,51103.0,59.99,59.99,0.0,0,0,0,1135
2025-04-05,60272.0,59.99,59.99,0.0,0,1,0,1136
2025-04-06,62826.0,59.99,59.99,0.0,0,1,0,1137
2025-04-07,48566.0,59.99,59.99,0.0,0,0,0,1138
2025-04-08,48651.0,59.99,59.99,0.0,0,0,0,1139
2025-04-09,47466.0,59.99,59.99,0.0,0,0,0,1140
2025-04-10,46560.0,59.99,59.99,0.0,0,0,0,1141
2025-04-11,50992.0,59.99,59.99,0.0,0,0,0,1142
2025-04-12,60525.0,59.99,59.99,0.0,0,1,0,1143
2025-04-13,61705.0,59.99,59.99,0.0,0,1,0,1144
2025-04-14,48246.0,59.99,59.99,0.0,0,0,0,1145
2025-04-15,47750.0,59.99,59.99,0.0,0,0,0,1146
2025-04-16,46645.0,59.99,59.99,0.0,0,0,0,1147
2025-04-17,47657.0,59.99,59.99,0.0,0,0,0,1148
2025-04-18,55013.0,59.99,59.99,0.0,0,0,0,1149
2025-04-19,57345.0,59.99,59.99,0.0,0,1,0,1150
2025-04-20,55098.0,59.99,59.99,0.0,0,1,0,1151
2025-04-21,53721.0,59.99,59.99,0.0,0,0,0,1152
2025-04-22,46066.0,59.99,59.99,0.0,0,0,0,1153
2025-04-23,43392.0,59.99,59.99,0.0,0,0,0,1154
2025-04-24,43461.0,59.99,59.99,0.0,0,0,0,1155
2025-04-25,46944.0,59.99,59.99,0.0,0,0,0,1156
2025-04-26,52536.0,59.99,59.99,0.0,0,1,0,1157
2025-04-27,54431.0,59.99,59.99,0.0,0,1,0,1158
2025-04-28,40973.0,59.99,59.99,0.0,0,0,0,1159
2025-04-29,40091.0,59.99,59.99,0.0,0,0,0,1160
2025-04-30,40201.0,59.99,59.99,0.0,0,0,0,1161
2025-05-01,45258.0,59.99,59.99,0.0,0,0,0,1162
2025-05-02,42900.0,59.99,59.99,0.0,0,0,0,1163
2025-05-03,49830.0,59.99,59.99,0.0,0,1,0,1164
2025-05-04,54426.0,59.99,59.99,0.0,0,1,0,1165
2025-05-05,42298.0,59.99,59.99,0.0,0,0,0,1166
2025-05-06,40532.0,59.99,59.99,0.0,0,0,0,1167
2025-05-07,40008.0,59.99,59.99,0.0,0,0,0,1168
2025-05-08,42549.0,59.99,59.99,0.0,0,0,0,1169
2025-05-09,45483.0,59.99,59.99,0.0,0,0,0,1170
2025-05-10,53442.0,59.99,59.99,0.0,0,1,0,1171
2025-05-11,52658.0,59.99,59.99,0.0,0,1,0,1172
2025-05-12,40995.0,59.99,59.99,0.0,0,0,0,1173
2025-05-13,40365.0,59.99,59.99,0.0,0,0,0,1174
2025-05-14,40927.0,59.99,59.99,0.0,0,0,0,1175
2025-05-15,40138.0,59.99,59.99,0.0,0,0,0,1176
2025-05-16,44514.0,59.99,59.99,0.0,0,0,0,1177
2025-05-17,53543.0,59.99,59.99,0.0,0,1,0,1178
2025-05-18,54336.0,59.99,59.99,0.0,0,1,0,1179
2025-05-19,42627.0,59.99,59.99,0.0,0,0,0,1180
2025-05-20,40999.0,59.99,59.99,0.0,0,0,0,1181
2025-05-21,41063.0,59.99,59.99,0.0,0,0,0,1182
2025-05-22,41657.0,59.99,59.99,0.0,0,0,0,1183
2025-05-23,45860.0,59.99,59.99,0.0,0,0,0,1184
2025-05-24,54889.0,59.99,59.99,0.0,0,1,0,1185
2025-05-25,56510.0,59.99,59.99,0.0,0,1,0,1186
2025-05-26,48479.0,59.99,59.99,0.0,0,0,1,1187
2025-05-27,45788.0,59.99,59.99,0.0,0,0,0,1188
2025-05-28,45850.0,59.99,59.99,0.0,0,0,0,1189
2025-05-29,50264.0,59.99,59.99,0.0,0,0,0,1190
2025-05-30,43691.0,59.99,59.99,0.0,0,0,0,1191
2025-05-31,50968.0,59.99,59.99,0.0,0,1,0,1192
2025-06-01,55746.0,59.99,59.99,0.0,0,1,0,1193
2025-06-02,45067.0,59.99,59.99,0.0,0,0,0,1194
2025-06-03,45106.0,59.99,59.99,0.0,0,0,0,1195
2025-06-04,45762.0,59.99,59.99,0.0,0,0,0,1196
2025-06-05,45501.0,59.99,59.99,0.0,0,0,0,1197
2025-06-06,47879.0,59.99,59.99,0.0,0,0,0,1198
2025-06-07,56211.0,59.99,59.99,0.0,0,1,0,1199
2025-06-08,58321.0,59.99,59.99,0.0,0,1,0,1200
2025-06-09,50341.0,59.99,59.99,0.0,0,0,0,1201
2025-06-10,45788.0,59.99,59.99,0.0,0,0,0,1202
2025-06-11,45171.0,59.99,59.99,0.0,0,0,0,1203
2025-06-12,43050.0,59.99,59.99,0.0,0,0,0,1204
2025-06-13,45929.0,59.99,59.99,0.0,0,0,0,1205
2025-06-14,53282.0,59.99,59.99,0.0,0,1,0,1206
2025-06-15,54905.0,59.99,59.99,0.0,0,1,0,1207
2025-06-16,44162.0,59.99,59.99,0.0,0,0,0,1208
2025-06-17,43105.0,59.99,59.99,0.0,0,0,0,1209
2025-06-18,41888.0,59.99,59.99,0.0,0,0,0,1210
2025-06-19,44311.0,59.99,59.99,0.0,0,0,1,1211
2025-06-20,43807.0,59.99,59.99,0.0,0,0,0,1212
2025-06-21,49324.0,59.99,59.99,0.0,0,1,0,1213
2025-06-22,50919.0,59.99,59.99,0.0,0,1,0,1214
2025-06-23,41335.0,59.99,59.99,0.0,0,0,0,1215
2025-06-24,41182.0,59.99,59.99,0.0,0,0,0,1216
2025-06-25,39515.0,59.99,59.99,0.0,0,0,0,1217
2025-06-26,37700.0,35.99,59.99,40.00666777796299,1,0,0,1218
2025-06-27,46373.0,35.99,59.99,40.00666777796299,1,0,0,1219
2025-06-28,55407.0,35.99,59.99,40.00666777796299,1,1,0,1220
2025-06-29,58492.0,35.99,59.99,40.00666777796299,1,1,0,1221
2025-06-30,50111.0,35.99,59.99,40.00666777796299,1,0,0,1222
2025-07-01,51237.0,35.99,59.99,40.00666777796299,1,0,0,1223
2025-07-02,49470.0,35.99,59.99,40.00666777796299,1,0,0,1224
2025-07-03,48918.0,35.99,59.99,40.00666777796299,1,0,0,1225
2025-07-04,53263.0,35.99,59.99,40.00666777796299,1,0,1,1226
2025-07-05,59038.0,35.99,59.99,40.00666777796299,1,1,0,1227
2025-07-06,62202.0,35.99,59.99,40.00666777796299,1,1,0,1228
2025-07-07,53006.0,35.99,59.99,40.00666777796299,1,0,0,1229
2025-07-08,53042.0,35.99,59.99,40.00666777796299,1,0,0,1230
2025-07-09,52193.0,35.99,59.99,40.00666777796299,1,0,0,1231
2025-07-10,51559.0,59.99,59.99,0.0,0,0,0,1232
2025-07-11,52788.0,59.99,59.99,0.0,0,0,0,1233
2025-07-12,59257.0,59.99,59.99,0.0,0,1,0,1234
2025-07-13,60625.0,59.99,59.99,0.0,0,1,0,1235
2025-07-14,52192.0,59.99,59.99,0.0,0,0,0,1236
2025-07-15,50600.0,59.99,59.99,0.0,0,0,0,1237
2025-07-16,48915.0,59.99,59.99,0.0,0,0,0,1238
2025-07-17,47467.0,59.99,59.99,0.0,0,0,0,1239
2025-07-18,48711.0,59.99,59.99,0.0,0,0,0,1240
2025-07-19,54686.0,59.99,59.99,0.0,0,1,0,1241
2025-07-20,56728.0,59.99,59.99,0.0,0,1,0,1242
2025-07-21,48541.0,59.99,59.99,0.0,0,0,0,1243
2025-07-22,48088.0,59.99,59.99,0.0,0,0,0,1244
2025-07-23,46653.0,59.99,59.99,0.0,0,0,0,1245
2025-07-24,45125.0,59.99,59.99,0.0,0,0,0,1246
2025-07-25,46614.0,59.99,59.99,0.0,0,0,0,1247
2025-07-26,52589.0,59.99,59.99,0.0,0,1,0,1248
2025-07-27,54404.0,59.99,59.99,0.0,0,1,0,1249
2025-07-28,47050.0,59.99,59.99,0.0,0,0,0,1250
2025-07-29,46294.0,59.99,59.99,0.0,0,0,0,1251
2025-07-30,45108.0,59.99,59.99,0.0,0,0,0,1252
2025-07-31,42516.0,59.99,59.99,0.0,0,0,0,1253
2025-08-01,43847.0,59.99,59.99,0.0,0,0,0,1254
2025-08-02,48775.0,59.99,59.99,0.0,0,1,0,1255
2025-08-03,51006.0,59.99,59.99,0.0,0,1,0,1256
2025-08-04,43755.0,59.99,59.99,0.0,0,0,0,1257
2025-08-05,42825.0,59.99,59.99,0.0,0,0,0,1258
2025-08-06,41683.0,59.99,59.99,0.0,0,0,0,1259
2025-08-07,39972.0,59.99,59.99,0.0,0,0,0,1260
2025-08-08,41005.0,59.99,59.99,0.0,0,0,0,1261
2025-08-09,45638.0,59.99,59.99,0.0,0,1,0,1262
2025-08-10,47599.0,59.99,59.99,0.0,0,1,0,1263
2025-08-11,41552.0,59.99,59.99,0.0,0,0,0,1264
2025-08-12,41555.0,59.99,59.99,0.0,0,0,0,1265
2025-08-13,40348.0,59.99,59.99,0.0,0,0,0,1266
2025-08-14,38210.0,59.99,59.99,0.0,0,0,0,1267
2025-08-15,40150.0,59.99,59.99,0.0,0,0,0,1268
2025-08-16,44043.0,59.99,59.99,0.0,0,1,0,1269
2025-08-17,46255.0,59.99,59.99,0.0,0,1,0,1270
2025-08-18,39508.0,59.99,59.99,0.0,0,0,0,1271
2025-08-19,39875.0,59.99,59.99,0.0,0,0,0,1272
2025-08-20,39517.0,59.99,59.99,0.0,0,0,0,1273
2025-08-21,38083.0,59.99,59.99,0.0,0,0,0,1274
2025-08-22,39912.0,59.99,59.99,0.0,0,0,0,1275
2025-08-23,45597.0,59.99,59.99,0.0,0,1,0,1276
2025-08-24,47673.0,59.99,59.99,0.0,0,1,0,1277
2025-08-25,39885.0,59.99,59.99,0.0,0,0,0,1278
2025-08-26,38980.0,59.99,59.99,0.0,0,0,0,1279
2025-08-27,38393.0,59.99,59.99,0.0,0,0,0,1280
2025-08-28,36400.0,59.99,59.99,0.0,0,0,0,1281
2025-08-29,37999.0,59.99,59.99,0.0,0,0,0,1282
2025-08-30,43279.0,59.99,59.99,0.0,0,1,0,1283
2025-08-31,43899.0,59.99,59.99,0.0,0,1,0,1284
2025-09-01,38048.0,59.99,59.99,0.0,0,0,1,1285
2025-09-02,35809.0,59.99,59.99,0.0,0,0,0,1286
2025-09-03,34902.0,59.99,59.99,0.0,0,0,0,1287
2025-09-04,32690.0,59.99,59.99,0.0,0,0,0,1288
2025-09-05,34028.0,59.99,59.99,0.0,0,0,0,1289
2025-09-06,40034.0,59.99,59.99,0.0,0,1,0,1290
2025-09-07,40480.0,59.99,59.99,0.0,0,1,0,1291
2025-09-08,32570.0,59.99,59.99,0.0,0,0,0,1292
2025-09-09,32517.0,59.99,59.99,0.0,0,0,0,1293
2025-09-10,31615.0,59.99,59.99,0.0,0,0,0,1294
2025-09-11,30048.0,59.99,59.99,0.0,0,0,0,1295
2025-09-12,31689.0,59.99,59.99,0.0,0,0,0,1296
2025-09-13,37283.0,59.99,59.99,0.0,0,1,0,1297
2025-09-14,38088.0,59.99,59.99,0.0,0,1,0,1298
2025-09-15,29450.0,59.99,59.99,0.0,0,0,0,1299
2025-09-16,29419.0,59.99,59.99,0.0,0,0,0,1300
2025-09-17,28348.0,59.99,59.99,0.0,0,0,0,1301
2025-09-18,28672.0,59.99,59.99,0.0,0,0,0,1302
2025-09-19,30163.0,59.99,59.99,0.0,0,0,0,1303
2025-09-20,35732.0,59.99,59.99,0.0,0,1,0,1304
2025-09-21,36967.0,59.99,59.99,0.0,0,1,0,1305
2025-09-22,29011.0,59.99,59.99,0.0,0,0,0,1306
2025-09-23,29274.0,59.99,59.99,0.0,0,0,0,1307
2025-09-24,28134.0,59.99,59.99,0.0,0,0,0,1308
2025-09-25,27070.0,59.99,59.99,0.0,0,0,0,1309
2025-09-26,29236.0,59.99,59.99,0.0,0,0,0,1310
2025-09-27,33468.0,59.99,59.99,0.0,0,1,0,1311
2025-09-28,34853.0,59.99,59.99,0.0,0,1,0,1312
2025-09-29,26195.0,59.99,59.99,0.0,0,0,0,1313
2025-09-30,26175.0,59.99,59.99,0.0,0,0,0,1314
2025-10-01,25690.0,59.99,59.99,0.0,0,0,0,1315
2025-10-02,25613.0,59.99,59.99,0.0,0,0,0,1316
2025-10-03,27458.0,59.99,59.99,0.0,0,0,0,1317
2025-10-04,31639.0,59.99,59.99,0.0,0,1,0,1318
2025-10-05,33795.0,59.99,59.99,0.0,0,1,0,1319
2025-10-06,25913.0,59.99,59.99,0.0,0,0,0,1320
2025-10-07,26287.0,59.99,59.99,0.0,0,0,0,1321
2025-10-08,25992.0,59.99,59.99,0.0,0,0,0,1322
2025-10-09,26091.0,59.99,59.99,0.0,0,0,0,1323
2025-10-10,27819.0,59.99,59.99,0.0,0,0,0,1324
2025-10-11,33420.0,59.99,59.99,0.0,0,1,0,1325
2025-10-12,34319.0,59.99,59.99,0.0,0,1,0,1326
2025-10-13,27381.0,59.99,59.99,0.0,0,0,1,1327
2025-10-14,26736.0,59.99,59.99,0.0,0,0,0,1328
2025-10-15,26149.0,59.99,59.99,0.0,0,0,0,1329
2025-10-16,25841.0,59.99,59.99,0.0,0,0,0,1330
2025-10-17,28187.0,59.99,59.99,0.0,0,0,0,1331
2025-10-18,34447.0,59.99,59.99,0.0,0,1,0,1332
2025-10-19,35096.0,59.99,59.99,0.0,0,1,0,1333
2025-10-20,27594.0,59.99,59.99,0.0,0,0,0,1334
2025-10-21,27149.0,59.99,59.99,0.0,0,0,0,1335
2025-10-22,26585.0,59.99,59.99,0.0,0,0,0,1336
2025-10-23,26334.0,59.99,59.99,0.0,0,0,0,1337
2025-10-24,28575.0,59.99,59.99,0.0,0,0,0,1338
2025-10-25,33641.0,59.99,59.99,0.0,0,1,0,1339
2025-10-26,34526.0,59.99,59.99,0.0,0,1,0,1340
2025-10-27,26664.0,59.99,59.99,0.0,0,0,0,1341
2025-10-28,26503.0,59.99,59.99,0.0,0,0,0,1342
2025-10-29,25661.0,59.99,59.99,0.0,0,0,0,1343
2025-10-30,25131.0,59.99,59.99,0.0,0,0,0,1344
2025-10-31,27316.0,59.99,59.99,0.0,0,0,0,1345
2025-11-01,31994.0,59.99,59.99,0.0,0,1,0,1346
2025-11-02,33424.0,59.99,59.99,0.0,0,1,0,1347
2025-11-03,25757.0,59.99,59.99,0.0,0,0,0,1348
2025-11-04,25665.0,59.99,59.99,0.0,0,0,0,1349
2025-11-05,24171.0,59.99,59.99,0.0,0,0,0,1350
2025-11-06,24305.0,59.99,59.99,0.0,0,0,0,1351
2025-11-07,27204.0,59.99,59.99,0.0,0,0,0,1352
2025-11-08,33140.0,59.99,59.99,0.0,0,1,0,1353
2025-11-09,33903.0,59.99,59.99,0.0,0,1,0,1354
2025-11-10,26872.0,59.99,59.99,0.0,0,0,0,1355
2025-11-11,28204.0,59.99,59.99,0.0,0,0,1,1356
2025-11-12,26505.0,59.99,59.99,0.0,0,0,0,1357
2025-11-13,26125.0,59.99,59.99,0.0,0,0,0,1358
2025-11-14,28085.0,59.99,59.99,0.0,0,0,0,1359
2025-11-15,34791.0,59.99,59.99,0.0,0,1,0,1360
2025-11-16,35348.0,59.99,59.99,0.0,0,1,0,1361
2025-11-17,26991.0,59.99,59.99,0.0,0,0,0,1362
2025-11-18,27644.0,59.99,59.99,0.0,0,0,0,1363
2025-11-19,26333.0,59.99,59.99,0.0,0,0,0,1364
2025-11-20,26261.0,59.99,59.99,0.0,0,0,0,1365
2025-11-21,28568.0,59.99,59.99,0.0,0,0,0,1366
2025-11-22,34975.0,59.99,59.99,0.0,0,1,0,1367
2025-11-23,36275.0,59.99,59.99,0.0,0,1,0,1368
2025-11-24,27096.0,59.99,59.99,0.0,0,0,0,1369
2025-11-25,26989.0,59.99,59.99,0.0,0,0,0,1370
2025-11-26,26884.0,59.99,59.99,0.0,0,0,0,1371
2025-11-27,27793.0,59.99,59.99,0.0,0,0,1,1372
2025-11-28,29594.0,59.99,59.99,0.0,0,0,0,1373
2025-11-29,35470.0,59.99,59.99,0.0,0,1,0,1374
2025-11-30,35449.0,59.99,59.99,0.0,0,1,0,1375
2025-12-01,27204.0,59.99,59.99,0.0,0,0,0,1376
2025-12-02,27431.0,59.99,59.99,0.0,0,0,0,1377
2025-12-03,26927.0,59.99,59.99,0.0,0,0,0,1378
2025-12-04,25358.0,59.99,59.99,0.0,0,0,0,1379
2025-12-05,27723.0,59.99,59.99,0.0,0,0,0,1380
2025-12-06,33403.0,59.99,59.99,0.0,0,1,0,1381
2025-12-07,34586.0,59.99,59.99,0.0,0,1,0,1382
2025-12-08,27817.0,59.99,59.99,0.0,0,0,0,1383
2025-12-09,27278.0,59.99,59.99,0.0,0,0,0,1384
2025-12-10,26928.0,59.99,59.99,0.0,0,0,0,1385
2025-12-11,27097.0,59.99,59.99,0.0,0,0,0,1386
2025-12-12,28360.0,59.99,59.99,0.0,0,0,0,1387
2025-12-13,34982.0,59.99,59.99,0.0,0,1,0,1388
2025-12-14,35598.0,59.99,59.99,0.0,0,1,0,1389
2025-12-15,27361.0,59.99,59.99,0.0,0,0,0,1390
2025-12-16,27228.0,59.99,59.99,0.0,0,0,0,1391
2025-12-17,27172.0,59.99,59.99,0.0,0,0,0,1392
2025-12-18,27213.0,38.99,59.99,35.00583430571762,1,0,0,1393
2025-12-19,36383.0,38.99,59.99,35.00583430571762,1,0,0,1394
2025-12-20,44439.0,38.99,59.99,35.00583430571762,1,1,0,1395
2025-12-21,47073.0,38.99,59.99,35.00583430571762,1,1,0,1396
2025-12-22,43335.0,38.99,59.99,35.00583430571762,1,0,0,1397
2025-12-23,44255.0,38.99,59.99,35.00583430571762,1,0,0,1398
2025-12-24,45258.0,38.99,59.99,35.00583430571762,1,0,0,1399
2025-12-25,44923.0,38.99,59.99,35.00583430571762,1,0,1,1400
2025-12-26,48433.0,38.99,59.99,35.00583430571762,1,0,0,1401
2025-12-27,52400.0,38.99,59.99,35.00583430571762,1,1,0,1402
2025-12-28,53497.0,38.99,59.99,35.00583430571762,1,1,0,1403
2025-12-29,49512.0,38.99,59.99,35.00583430571762,1,0,0,1404
2025-12-30,49798.0,38.99,59.99,35.00583430571762,1,0,0,1405
2025-12-31,48085.0,38.99,59.99,35.00583430571762,1,0,0,1406
2026-01-01,52322.0,38.99,59.99,35.00583430571762,1,0,1,1407
2026-01-02,54566.0,38.99,59.99,35.00583430571762,1,0,0,1408
2026-01-03,56129.0,38.99,59.99,35.00583430571762,1,1,0,1409
2026-01-04,57460.0,38.99,59.99,35.00583430571762,1,1,0,1410
2026-01-05,48513.0,59.99,59.99,0.0,0,0,0,1411
2026-01-06,49180.0,59.99,59.99,0.0,0,0,0,1412
2026-01-07,46152.0,59.99,59.99,0.0,0,0,0,1413
2026-01-08,44139.0,59.99,59.99,0.0,0,0,0,1414
2026-01-09,49339.0,59.99,59.99,0.0,0,0,0,1415
2026-01-10,55861.0,59.99,59.99,0.0,0,1,0,1416
2026-01-11,56366.0,59.99,59.99,0.0,0,1,0,1417
2026-01-12,42550.0,59.99,59.99,0.0,0,0,0,1418
2026-01-13,41295.0,59.99,59.99,0.0,0,0,0,1419
2026-01-14,40776.0,59.99,59.99,0.0,0,0,0,1420
2026-01-15,39745.0,59.99,59.99,0.0,0,0,0,1421
2026-01-16,42834.0,59.99,59.99,0.0,0,0,0,1422
2026-01-17,52066.0,59.99,59.99,0.0,0,1,0,1423
2026-01-18,53655.0,59.99,59.99,0.0,0,1,0,1424
2026-01-19,41354.0,59.99,59.99,0.0,0,0,1,1425
2026-01-20,40149.0,59.99,59.99,0.0,0,0,0,1426
2026-01-21,40238.0,59.99,59.99,0.0,0,0,0,1427
2026-01-22,37276.0,59.99,59.99,0.0,0,0,0,1428
2026-01-23,39689.0,59.99,59.99,0.0,0,0,0,1429
2026-01-24,48842.0,59.99,59.99,0.0,0,1,0,1430
2026-01-25,50539.0,59.99,59.99,0.0,0,1,0,1431
2026-01-26,38262.0,59.99,59.99,0.0,0,0,0,1432
2026-01-27,37645.0,59.99,59.99,0.0,0,0,0,1433
2026-01-28,36536.0,59.99,59.99,0.0,0,0,0,1434
2026-01-29,35415.0,59.99,59.99,0.0,0,0,0,1435
2026-01-30,37166.0,59.99,59.99,0.0,0,0,0,1436
2026-01-31,45982.0,59.99,59.99,0.0,0,1,0,1437
2026-02-01,46905.0,59.99,59.99,0.0,0,1,0,1438
2026-02-02,35439.0,59.99,59.99,0.0,0,0,0,1439
2026-02-03,33884.0,59.99,59.99,0.0,0,0,0,1440
2026-02-04,34028.0,59.99,59.99,0.0,0,0,0,1441
2026-02-05,33030.0,59.99,59.99,0.0,0,0,0,1442
2026-02-06,34900.0,59.99,59.99,0.0,0,0,0,1443
2026-02-07,43008.0,59.99,59.99,0.0,0,1,0,1444
2026-02-08,45109.0,59.99,59.99,0.0,0,1,0,1445
2026-02-09,33270.0,59.99,59.99,0.0,0,0,0,1446
2026-02-10,32867.0,59.99,59.99,0.0,0,0,0,1447
2026-02-11,32106.0,59.99,59.99,0.0,0,0,0,1448
2026-02-12,31739.0,59.99,59.99,0.0,0,0,0,1449
2026-02-13,32845.0,59.99,59.99,0.0,0,0,0,1450
2026-02-14,39474.0,59.99,59.99,0.0,0,1,0,1451
2026-02-15,42559.0,59.99,59.99,0.0,0,1,0,1452
2026-02-16,34182.0,59.99,59.99,0.0,0,0,1,1453
2026-02-17,32389.0,59.99,59.99,0.0,0,0,0,1454
2026-02-18,31300.0,59.99,59.99,0.0,0,0,0,1455
2026-02-19,31185.0,59.99,59.99,0.0,0,0,0,1456
2026-02-20,33042.0,59.99,59.99,0.0,0,0,0,1457
2026-02-21,40310.0,59.99,59.99,0.0,0,1,0,1458
2026-02-22,42855.0,59.99,59.99,0.0,0,1,0,1459
2026-02-23,33014.0,59.99,59.99,0.0,0,0,0,1460
2026-02-24,31228.0,59.99,59.99,0.0,0,0,0,1461
2026-02-25,31156.0,59.99,59.99,0.0,0,0,0,1462
2026-02-26,30682.0,59.99,59.99,0.0,0,0,0,1463
2026-02-27,30958.0,59.99,59.99,0.0,0,0,0,1464
2026-02-28,38412.0,59.99,59.99,0.0,0,1,0,1465
2026-03-01,39974.0,59.99,59.99,0.0,0,1,0,1466
2026-03-02,29896.0,59.99,59.99,0.0,0,0,0,1467
2026-03-03,29541.0,59.99,59.99,0.0,0,0,0,1468
2026-03-04,28901.0,59.99,59.99,0.0,0,0,0,1469
2026-03-05,29080.0,59.99,59.99,0.0,0,0,0,1470
2026-03-06,30766.0,59.99,59.99,0.0,0,0,0,1471
2026-03-07,37485.0,59.99,59.99,0.0,0,1,0,1472
2026-03-08,38636.0,59.99,59.99,0.0,0,1,0,1473
2026-03-09,29980.0,59.99,59.99,0.0,0,0,0,1474
2026-03-10,29228.0,59.99,59.99,0.0,0,0,0,1475
2026-03-11,29776.0,59.99,59.99,0.0,0,0,0,1476
2026-03-12,29189.0,59.99,59.99,0.0,0,0,0,1477
2026-03-13,32454.0,59.99,59.99,0.0,0,0,0,1478
2026-03-14,39907.0,59.99,59.99,0.0,0,1,0,1479
2026-03-15,41308.0,59.99,59.99,0.0,0,1,0,1480
2026-03-16,30811.0,59.99,59.99,0.0,0,0,0,1481
2026-03-17,30793.0,59.99,59.99,0.0,0,0,0,1482
2026-03-18,30412.0,59.99,59.99,0.0,0,0,0,1483
2026-03-19,29663.0,38.99,59.99,35.00583430571762,1,0,0,1484
2026-03-20,36649.0,38.99,59.99,35.00583430571762,1,0,0,1485
2026-03-21,46371.0,38.99,59.99,35.00583430571762,1,1,0,1486
2026-03-22,49013.0,38.99,59.99,35.00583430571762,1,1,0,1487
2026-03-23,40019.0,38.99,59.99,35.00583430571762,1,0,0,1488
2026-03-24,41346.0,38.99,59.99,35.00583430571762,1,0,0,1489
2026-03-25,41133.0,38.99,59.99,35.00583430571762,1,0,0,1490
2026-03-26,40310.0,59.99,59.99,0.0,0,0,0,1491
2026-03-27,42914.0,59.99,59.99,0.0,0,0,0,1492
2026-03-28,51016.0,59.99,59.99,0.0,0,1,0,1493
2026-03-29,52657.0,59.99,59.99,0.0,0,1,0,1494
2026-03-30,42602.0,59.99,59.99,0.0,0,0,0,1495
2026-03-31,42067.0,59.99,59.99,0.0,0,0,0,1496
