"DateTime";"Players";"Average Players"
"2022-02-24 00:00:00";559624;
"2022-02-25 00:00:00";764835;
"2022-02-26 00:00:00";861538;
"2022-02-27 00:00:00";891638;
"2022-02-28 00:00:00";819143;
"2022-03-01 00:00:00";828001;
"2022-03-02 00:00:00";823527;
"2022-03-03 00:00:00";820921;
"2022-03-04 00:00:00";858316;
"2022-03-05 00:00:00";953426;
"2022-03-06 00:00:00";944190;
"2022-03-07 00:00:00";801048;
"2022-03-08 00:00:00";779297;
"2022-03-09 00:00:00";738122;
"2022-03-10 00:00:00";703725;
"2022-03-11 00:00:00";730458;
"2022-03-12 00:00:00";825277;
"2022-03-13 00:00:00";800301;
"2022-03-14 00:00:00";635680;
"2022-03-15 00:00:00";610847;
"2022-03-16 00:00:00";589570;
"2022-03-17 00:00:00";587284;
"2022-03-18 00:00:00";611562;
"2022-03-19 00:00:00";712336;
"2022-03-20 00:00:00";694446;
"2022-03-21 00:00:00";529881;
"2022-03-22 00:00:00";507115;
"2022-03-23 00:00:00";464532;
"2022-03-24 00:00:00";468107;
"2022-03-25 00:00:00";480052;
"2022-03-26 00:00:00";563389;
"2022-03-27 00:00:00";546667;
"2022-03-28 00:00:00";414946;
"2022-03-29 00:00:00";399484;
"2022-03-30 00:00:00";378861;
"2022-03-31 00:00:00";368498;
"2022-04-01 00:00:00";375625;
"2022-04-02 00:00:00";455103;
"2022-04-03 00:00:00";457182;
"2022-04-04 00:00:00";339322;
"2022-04-05 00:00:00";317968;
"2022-04-06 00:00:00";300169;
"2022-04-07 00:00:00";287677;
"2022-04-08 00:00:00";305294;
"2022-04-09 00:00:00";367780;
"2022-04-10 00:00:00";349862;
"2022-04-11 00:00:00";258031;
"2022-04-12 00:00:00";245836;
"2022-04-13 00:00:00";234880;
"2022-04-14 00:00:00";234557;
"2022-04-15 00:00:00";269911;
"2022-04-16 00:00:00";282119;
"2022-04-17 00:00:00";266656;
"2022-04-18 00:00:00";239831;
"2022-04-19 00:00:00";198248;
"2022-04-20 00:00:00";202328;
"2022-04-21 00:00:00";196417;
"2022-04-22 00:00:00";205469;
"2022-04-23 00:00:00";238625;
"2022-04-24 00:00:00";237493;
"2022-04-25 00:00:00";172305;
"2022-04-26 00:00:00";161863;
"2022-04-27 00:00:00";151887;
"2022-04-28 00:00:00";147793;
"2022-04-29 00:00:00";156014;
"2022-04-30 00:00:00";190421;
"2022-05-01 00:00:00";193468;
"2022-05-02 00:00:00";148370;
"2022-05-03 00:00:00";139215;
"2022-05-04 00:00:00";126122;
"2022-05-05 00:00:00";122864;
"2022-05-06 00:00:00";126523;
"2022-05-07 00:00:00";158782;
"2022-05-08 00:00:00";152245;
"2022-05-09 00:00:00";110981;
"2022-05-10 00:00:00";107748;
"2022-05-11 00:00:00";102381;
"2022-05-12 00:00:00";99343;
"2022-05-13 00:00:00";106998;
"2022-05-14 00:00:00";128222;
"2022-05-15 00:00:00";127344;
"2022-05-16 00:00:00";92721;
"2022-05-17 00:00:00";88789;
"2022-05-18 00:00:00";86217;
"2022-05-19 00:00:00";83155;
"2022-05-20 00:00:00";89290;
"2022-05-21 00:00:00";108490;
"2022-05-22 00:00:00";106427;
"2022-05-23 00:00:00";81727;
"2022-05-24 00:00:00";75594;
"2022-05-25 00:00:00";73972;
"2022-05-26 00:00:00";80599;
"2022-05-27 00:00:00";82817;
"2022-05-28 00:00:00";101265;
"2022-05-29 00:00:00";99061;
"2022-05-30 00:00:00";92058;
"2022-05-31 00:00:00";73505;
"2022-06-01 00:00:00";68870;
"2022-06-02 00:00:00";71525;
"2022-06-03 00:00:00";74568;
"2022-06-04 00:00:00";87387;
"2022-06-05 00:00:00";88609;
"2022-06-06 00:00:00";73812;
"2022-06-07 00:00:00";63803;
"2022-06-08 00:00:00";62093;
"2022-06-09 00:00:00";59878;
"2022-06-10 00:00:00";62770;
"2022-06-11 00:00:00";76917;
"2022-06-12 00:00:00";77475;
"2022-06-13 00:00:00";56575;
"2022-06-14 00:00:00";54643;
"2022-06-15 00:00:00";52494;
"2022-06-16 00:00:00";54636;
"2022-06-17 00:00:00";55629;
"2022-06-18 00:00:00";66351;
"2022-06-19 00:00:00";66906;
"2022-06-20 00:00:00";55272;
"2022-06-21 00:00:00";51013;
"2022-06-22 00:00:00";48571;
"2022-06-23 00:00:00";46994;
"2022-06-24 00:00:00";49982;
"2022-06-25 00:00:00";58560;
"2022-06-26 00:00:00";60338;
"2022-06-27 00:00:00";45795;
"2022-06-28 00:00:00";44689;
"2022-06-29 00:00:00";43418;
"2022-06-30 00:00:00";42476;
"2022-07-01 00:00:00";44977;
"2022-07-02 00:00:00";51559;
"2022-07-03 00:00:00";52405;
"2022-07-04 00:00:00";49052;
"2022-07-05 00:00:00";41274;
"2022-07-06 00:00:00";40235;
"2022-07-07 00:00:00";40219;
"2022-07-08 00:00:00";41239;
"2022-07-09 00:00:00";49357;
"2022-07-10 00:00:00";51228;
"2022-07-11 00:00:00";40782;
"2022-07-12 00:00:00";39669;
"2022-07-13 00:00:00";38827;
"2022-07-14 00:00:00";39814;
"2022-07-15 00:00:00";40931;
"2022-07-16 00:00:00";48232;
"2022-07-17 00:00:00";50686;
"2022-07-18 00:00:00";39741;
"2022-07-19 00:00:00";39266;
"2022-07-20 00:00:00";37757;
"2022-07-21 00:00:00";38334;
"2022-07-22 00:00:00";40316;
"2022-07-23 00:00:00";47304;
"2022-07-24 00:00:00";49352;
"2022-07-25 00:00:00";39401;
"2022-07-26 00:00:00";39247;
"2022-07-27 00:00:00";38561;
"2022-07-28 00:00:00";38246;
"2022-07-29 00:00:00";39789;
"2022-07-30 00:00:00";46293;
"2022-07-31 00:00:00";48106;
"2022-08-01 00:00:00";38945;
"2022-08-02 00:00:00";37343;
"2022-08-03 00:00:00";37321;
"2022-08-04 00:00:00";36960;
"2022-08-05 00:00:00";39217;
"2022-08-06 00:00:00";45096;
"2022-08-07 00:00:00";47397;
"2022-08-08 00:00:00";38506;
"2022-08-09 00:00:00";34276;
"2022-08-10 00:00:00";35418;
"2022-08-11 00:00:00";35050;
"2022-08-12 00:00:00";37830;
"2022-08-13 00:00:00";42939;
"2022-08-14 00:00:00";45151;
"2022-08-15 00:00:00";38884;
"2022-08-16 00:00:00";36056;
"2022-08-17 00:00:00";35867;
"2022-08-18 00:00:00";35167;
"2022-08-19 00:00:00";37416;
"2022-08-20 00:00:00";43930;
"2022-08-21 00:00:00";46138;
"2022-08-22 00:00:00";35746;
"2022-08-23 00:00:00";35378;
"2022-08-24 00:00:00";33021;
"2022-08-25 00:00:00";32699;
"2022-08-26 00:00:00";34801;
"2022-08-27 00:00:00";41241;
"2022-08-28 00:00:00";43177;
"2022-08-29 00:00:00";34150;
"2022-08-30 00:00:00";33560;
"2022-08-31 00:00:00";32808;
"2022-09-01 00:00:00";32101;
"2022-09-02 00:00:00";34813;
"2022-09-03 00:00:00";42524;
"2022-09-04 00:00:00";44015;
"2022-09-05 00:00:00";41589;
"2022-09-06 00:00:00";32651;
"2022-09-07 00:00:00";32718;
"2022-09-08 00:00:00";31775;
"2022-09-09 00:00:00";34133;
"2022-09-10 00:00:00";42624;
"2022-09-11 00:00:00";45475;
"2022-09-12 00:00:00";31859;
"2022-09-13 00:00:00";31387;
"2022-09-14 00:00:00";31548;
"2022-09-15 00:00:00";30927;
"2022-09-16 00:00:00";33397;
"2022-09-17 00:00:00";42458;
"2022-09-18 00:00:00";43754;
"2022-09-19 00:00:00";33364;
"2022-09-20 00:00:00";31054;
"2022-09-21 00:00:00";30494;
"2022-09-22 00:00:00";30003;
"2022-09-23 00:00:00";32171;25280
"2022-09-24 00:00:00";40762;31739
"2022-09-25 00:00:00";41979;33131
"2022-09-26 00:00:00";29959;24366
"2022-09-27 00:00:00";29528;23571
"2022-09-28 00:00:00";29044;23043
"2022-09-29 00:00:00";28096;22447
"2022-09-30 00:00:00";30763;23950
"2022-10-01 00:00:00";38442;30432
"2022-10-02 00:00:00";39830;32213
"2022-10-03 00:00:00";30427;25322
"2022-10-04 00:00:00";28429;23372
"2022-10-05 00:00:00";27373;22352
"2022-10-06 00:00:00";27026;21840
"2022-10-07 00:00:00";28048;22715
"2022-10-08 00:00:00";34805;26632
"2022-10-09 00:00:00";36653;28054
"2022-10-10 00:00:00";27576;22599
"2022-10-11 00:00:00";25667;20411
"2022-10-12 00:00:00";26361;20584
"2022-10-13 00:00:00";23752;18750
"2022-10-14 00:00:00";28885;21979
"2022-10-15 00:00:00";38217;29641
"2022-10-16 00:00:00";39401;31620
"2022-10-17 00:00:00";29579;23617
"2022-10-18 00:00:00";29637;22961
"2022-10-19 00:00:00";29083;22550
"2022-10-20 00:00:00";29196;22147
"2022-10-21 00:00:00";31471;23529
"2022-10-22 00:00:00";38307;29476
"2022-10-23 00:00:00";39319;30995
"2022-10-24 00:00:00";29193;22986
"2022-10-25 00:00:00";28742;22125
"2022-10-26 00:00:00";28001;21527
"2022-10-27 00:00:00";27499;21301
"2022-10-28 00:00:00";29657;22348
"2022-10-29 00:00:00";34934;27061
"2022-10-30 00:00:00";34954;28317
"2022-10-31 00:00:00";28209;21721
"2022-11-01 00:00:00";29025;21781
"2022-11-02 00:00:00";25710;20385
"2022-11-03 00:00:00";25692;20699
"2022-11-04 00:00:00";28158;22074
"2022-11-05 00:00:00";35662;27811
"2022-11-06 00:00:00";36004;29101
"2022-11-07 00:00:00";25244;21449
"2022-11-08 00:00:00";25385;20982
"2022-11-09 00:00:00";25467;20548
"2022-11-10 00:00:00";25160;20746
"2022-11-11 00:00:00";29688;23646
"2022-11-12 00:00:00";35679;28984
"2022-11-13 00:00:00";35817;30542
"2022-11-14 00:00:00";26412;22660
"2022-11-15 00:00:00";27174;22355
"2022-11-16 00:00:00";26755;21802
"2022-11-17 00:00:00";25982;21156
"2022-11-18 00:00:00";27963;22213
"2022-11-19 00:00:00";34946;28152
"2022-11-20 00:00:00";35579;29719
"2022-11-21 00:00:00";26101;22411
"2022-11-22 00:00:00";26744;22181
"2022-11-23 00:00:00";26242;22657
"2022-11-24 00:00:00";27238;22994
"2022-11-25 00:00:00";29925;24597
"2022-11-26 00:00:00";35682;29671
"2022-11-27 00:00:00";36345;30965
"2022-11-28 00:00:00";27038;23547
"2022-11-29 00:00:00";26537;22357
"2022-11-30 00:00:00";26979;22503
"2022-12-01 00:00:00";26701;22155
"2022-12-02 00:00:00";29223;23561
"2022-12-03 00:00:00";36322;29831
"2022-12-04 00:00:00";36774;31135
"2022-12-05 00:00:00";27747;23889
"2022-12-06 00:00:00";32942;25615
"2022-12-07 00:00:00";32676;26574
"2022-12-08 00:00:00";33179;28589
"2022-12-09 00:00:00";37725;30240
"2022-12-10 00:00:00";46193;38756
"2022-12-11 00:00:00";47045;41414
"2022-12-12 00:00:00";37142;32407
"2022-12-13 00:00:00";36105;31363
"2022-12-14 00:00:00";36199;31783
"2022-12-15 00:00:00";35084;31059
"2022-12-16 00:00:00";38188;32736
"2022-12-17 00:00:00";45094;39243
"2022-12-18 00:00:00";46097;40434
"2022-12-19 00:00:00";38366;33630
"2022-12-20 00:00:00";38488;33089
"2022-12-21 00:00:00";38060;33351
"2022-12-22 00:00:00";42476;34809
"2022-12-23 00:00:00";53175;45552
"2022-12-24 00:00:00";62290;52460
"2022-12-25 00:00:00";64159;55468
"2022-12-26 00:00:00";71354;60531
"2022-12-27 00:00:00";73312;63382
"2022-12-28 00:00:00";76364;64987
"2022-12-29 00:00:00";79202;67222
"2022-12-30 00:00:00";82864;70541
"2022-12-31 00:00:00";85651;72212
"2023-01-01 00:00:00";89723;76662
"2023-01-02 00:00:00";91801;82381
"2023-01-03 00:00:00";86631;74184
"2023-01-04 00:00:00";88742;73156
"2023-01-05 00:00:00";88151;72587
"2023-01-06 00:00:00";93457;75971
"2023-01-07 00:00:00";104312;86729
"2023-01-08 00:00:00";106913;89507
"2023-01-09 00:00:00";81045;69570
"2023-01-10 00:00:00";79276;65491
"2023-01-11 00:00:00";77078;63145
"2023-01-12 00:00:00";73768;61907
"2023-01-13 00:00:00";78714;64912
"2023-01-14 00:00:00";95550;79106
"2023-01-15 00:00:00";97376;82087
"2023-01-16 00:00:00";76399;66246
"2023-01-17 00:00:00";70212;59701
"2023-01-18 00:00:00";68175;56299
"2023-01-19 00:00:00";67643;57843
"2023-01-20 00:00:00";69985;59655
"2023-01-21 00:00:00";84579;70693
"2023-01-22 00:00:00";87848;74945
"2023-01-23 00:00:00";65610;58766
"2023-01-24 00:00:00";64303;57081
"2023-01-25 00:00:00";64506;56772
"2023-01-26 00:00:00";63756;56092
"2023-01-27 00:00:00";67368;58013
"2023-01-28 00:00:00";83035;69106
"2023-01-29 00:00:00";85483;72080
"2023-01-30 00:00:00";62487;55132
"2023-01-31 00:00:00";62378;53311
"2023-02-01 00:00:00";61693;52054
"2023-02-02 00:00:00";60643;51246
"2023-02-03 00:00:00";66203;54162
"2023-02-04 00:00:00";80705;67174
"2023-02-05 00:00:00";82173;70072
"2023-02-06 00:00:00";60131;51351
"2023-02-07 00:00:00";57738;47463
"2023-02-08 00:00:00";56027;45568
"2023-02-09 00:00:00";55346;45295
"2023-02-10 00:00:00";59413;47385
"2023-02-11 00:00:00";72846;59246
"2023-02-12 00:00:00";74140;62133
"2023-02-13 00:00:00";56082;45727
"2023-02-14 00:00:00";53496;42656
"2023-02-15 00:00:00";53869;42109
"2023-02-16 00:00:00";53763;42872
"2023-02-17 00:00:00";58848;46488
"2023-02-18 00:00:00";71668;57503
"2023-02-19 00:00:00";71708;60367
"2023-02-20 00:00:00";57887;48206
"2023-02-21 00:00:00";53740;43626
"2023-02-22 00:00:00";53730;43362
"2023-02-23 00:00:00";54134;43933
"2023-02-24 00:00:00";55361;44078
"2023-02-25 00:00:00";67121;54534
"2023-02-26 00:00:00";67335;56590
"2023-02-27 00:00:00";50421;41163
"2023-02-28 00:00:00";55189;42721
"2023-03-01 00:00:00";55050;44300
"2023-03-02 00:00:00";55532;44487
"2023-03-03 00:00:00";60124;47672
"2023-03-04 00:00:00";74131;60283
"2023-03-05 00:00:00";74740;62919
"2023-03-06 00:00:00";53807;45395
"2023-03-07 00:00:00";54145;43526
"2023-03-08 00:00:00";53279;42964
"2023-03-09 00:00:00";51995;42503
"2023-03-10 00:00:00";57180;45179
"2023-03-11 00:00:00";70523;57306
"2023-03-12 00:00:00";71543;59810
"2023-03-13 00:00:00";52172;43068
"2023-03-14 00:00:00";51828;41230
"2023-03-15 00:00:00";51380;40576
"2023-03-16 00:00:00";49925;39679
"2023-03-17 00:00:00";53979;41548
"2023-03-18 00:00:00";65288;51189
"2023-03-19 00:00:00";65715;53479
"2023-03-20 00:00:00";48532;38810
"2023-03-21 00:00:00";47647;38047
"2023-03-22 00:00:00";46180;36359
"2023-03-23 00:00:00";41925;32795
"2023-03-24 00:00:00";49453;36767
"2023-03-25 00:00:00";59695;45934
"2023-03-26 00:00:00";61855;47716
"2023-03-27 00:00:00";46494;34891
"2023-03-28 00:00:00";45767;33686
"2023-03-29 00:00:00";44975;33277
"2023-03-30 00:00:00";44684;33084
"2023-03-31 00:00:00";48691;35484
"2023-04-01 00:00:00";58457;44312
"2023-04-02 00:00:00";59445;46103
"2023-04-03 00:00:00";45291;34435
"2023-04-04 00:00:00";47166;34376
"2023-04-05 00:00:00";45090;36138
"2023-04-06 00:00:00";45717;33614
"2023-04-07 00:00:00";52364;37965
"2023-04-08 00:00:00";55428;42285
"2023-04-09 00:00:00";52760;42481
"2023-04-10 00:00:00";50213;35627
"2023-04-11 00:00:00";42467;30847
"2023-04-12 00:00:00";41017;29713
"2023-04-13 00:00:00";39691;28814
"2023-04-14 00:00:00";43496;31035
"2023-04-15 00:00:00";52158;39104
"2023-04-16 00:00:00";51836;40171
"2023-04-17 00:00:00";38321;28877
"2023-04-18 00:00:00";36923;27643
"2023-04-19 00:00:00";36584;27046
"2023-04-20 00:00:00";36097;26943
"2023-04-21 00:00:00";39789;28970
"2023-04-22 00:00:00";46426;36351
"2023-04-23 00:00:00";48967;36845
"2023-04-24 00:00:00";36830;27813
"2023-04-25 00:00:00";36068;27015
"2023-04-26 00:00:00";32758;25009
"2023-04-27 00:00:00";32122;24597
"2023-04-28 00:00:00";34267;26152
"2023-04-29 00:00:00";41783;33131
"2023-04-30 00:00:00";43676;35354
"2023-05-01 00:00:00";40361;31474
"2023-05-02 00:00:00";31921;26251
"2023-05-03 00:00:00";30916;25666
"2023-05-04 00:00:00";31508;24429
"2023-05-05 00:00:00";33930;26357
"2023-05-06 00:00:00";43178;32370
"2023-05-07 00:00:00";43846;35004
"2023-05-08 00:00:00";34919;26301
"2023-05-09 00:00:00";31837;24253
"2023-05-10 00:00:00";30793;23733
"2023-05-11 00:00:00";30088;23267
"2023-05-12 00:00:00";32558;24224
"2023-05-13 00:00:00";38122;29550
"2023-05-14 00:00:00";38263;30269
"2023-05-15 00:00:00";28691;22632
"2023-05-16 00:00:00";28813;21955
"2023-05-17 00:00:00";28575;22025
"2023-05-18 00:00:00";30038;22713
"2023-05-19 00:00:00";31166;23395
"2023-05-20 00:00:00";36420;28527
"2023-05-21 00:00:00";36887;29531
"2023-05-22 00:00:00";28020;22077
"2023-05-23 00:00:00";27566;21205
"2023-05-24 00:00:00";26774;20741
"2023-05-25 00:00:00";26577;20686
"2023-05-26 00:00:00";29204;22175
"2023-05-27 00:00:00";35042;27439
"2023-05-28 00:00:00";35342;29021
"2023-05-29 00:00:00";33901;25991
"2023-05-30 00:00:00";27495;21598
"2023-05-31 00:00:00";26947;20919
"2023-06-01 00:00:00";26249;20615
"2023-06-02 00:00:00";27818;21099
"2023-06-03 00:00:00";32677;25694
"2023-06-04 00:00:00";33545;27008
"2023-06-05 00:00:00";26296;20644
"2023-06-06 00:00:00";25368;19675
"2023-06-07 00:00:00";24679;19093
"2023-06-08 00:00:00";25851;19442
"2023-06-09 00:00:00";26273;19884
"2023-06-10 00:00:00";30805;23845
"2023-06-11 00:00:00";31366;24944
"2023-06-12 00:00:00";25086;19549
"2023-06-13 00:00:00";24103;18599
"2023-06-14 00:00:00";23868;18342
"2023-06-15 00:00:00";23082;18090
"2023-06-16 00:00:00";25001;19024
"2023-06-17 00:00:00";29745;22981
"2023-06-18 00:00:00";29793;23776
"2023-06-19 00:00:00";24623;19567
"2023-06-20 00:00:00";24203;18782
"2023-06-21 00:00:00";24252;18906
"2023-06-22 00:00:00";24233;19733
"2023-06-23 00:00:00";25453;20177
"2023-06-24 00:00:00";29001;22852
"2023-06-25 00:00:00";30817;23632
"2023-06-26 00:00:00";24927;19738
"2023-06-27 00:00:00";25072;19358
"2023-06-28 00:00:00";24122;19025
"2023-06-29 00:00:00";23957;19209
"2023-06-30 00:00:00";34701;24964
"2023-07-01 00:00:00";44095;32828
"2023-07-02 00:00:00";48446;36874
"2023-07-03 00:00:00";44497;32378
"2023-07-04 00:00:00";46512;33941
"2023-07-05 00:00:00";45109;32297
"2023-07-06 00:00:00";44781;32491
"2023-07-07 00:00:00";47260;33876
"2023-07-08 00:00:00";53546;40249
"2023-07-09 00:00:00";55553;42769
"2023-07-10 00:00:00";48361;35215
"2023-07-11 00:00:00";48747;35020
"2023-07-12 00:00:00";49016;34860
"2023-07-13 00:00:00";49362;34894
"2023-07-14 00:00:00";49961;35538
"2023-07-15 00:00:00";55071;41163
"2023-07-16 00:00:00";56869;43500
"2023-07-17 00:00:00";48717;36060
"2023-07-18 00:00:00";48379;34637
"2023-07-19 00:00:00";46479;33548
"2023-07-20 00:00:00";45382;32645
"2023-07-21 00:00:00";45411;32683
"2023-07-22 00:00:00";50369;37774
"2023-07-23 00:00:00";51603;39632
"2023-07-24 00:00:00";44154;32364
"2023-07-25 00:00:00";43352;31467
"2023-07-26 00:00:00";42581;30860
"2023-07-27 00:00:00";42926;30456
"2023-07-28 00:00:00";44497;32271
"2023-07-29 00:00:00";49819;37381
"2023-07-30 00:00:00";50677;39310
"2023-07-31 00:00:00";43165;32282
"2023-08-01 00:00:00";42618;31347
"2023-08-02 00:00:00";41846;30903
"2023-08-03 00:00:00";41135;29884
"2023-08-04 00:00:00";40451;29504
"2023-08-05 00:00:00";45275;34060
"2023-08-06 00:00:00";46218;35767
"2023-08-07 00:00:00";39367;29283
"2023-08-08 00:00:00";38470;27868
"2023-08-09 00:00:00";37054;27102
"2023-08-10 00:00:00";36260;26852
"2023-08-11 00:00:00";37030;27124
"2023-08-12 00:00:00";41293;31348
"2023-08-13 00:00:00";42458;32889
"2023-08-14 00:00:00";36537;27294
"2023-08-15 00:00:00";36616;26823
"2023-08-16 00:00:00";33649;25158
"2023-08-17 00:00:00";33314;24539
"2023-08-18 00:00:00";34245;24863
"2023-08-19 00:00:00";38415;29096
"2023-08-20 00:00:00";40203;31163
"2023-08-21 00:00:00";33921;25088
"2023-08-22 00:00:00";33804;23989
"2023-08-23 00:00:00";33701;24216
"2023-08-24 00:00:00";33088;23935
"2023-08-25 00:00:00";34156;24072
"2023-08-26 00:00:00";38469;28921
"2023-08-27 00:00:00";39998;30597
"2023-08-28 00:00:00";33619;24025
"2023-08-29 00:00:00";33450;23442
"2023-08-30 00:00:00";32412;23101
"2023-08-31 00:00:00";31322;22210
"2023-09-01 00:00:00";32617;22668
"2023-09-02 00:00:00";37065;27390
"2023-09-03 00:00:00";37504;28538
"2023-09-04 00:00:00";32509;23793
"2023-09-05 00:00:00";30036;21136
"2023-09-06 00:00:00";28779;19613
"2023-09-07 00:00:00";28899;19727
"2023-09-08 00:00:00";30655;20758
"2023-09-09 00:00:00";35489;26257
"2023-09-10 00:00:00";36531;27470
"2023-09-11 00:00:00";28897;20116
"2023-09-12 00:00:00";28315;19443
"2023-09-13 00:00:00";28317;19273
"2023-09-14 00:00:00";27549;18938
"2023-09-15 00:00:00";29593;20139
"2023-09-16 00:00:00";35065;25726
"2023-09-17 00:00:00";36276;26890
"2023-09-18 00:00:00";28025;19623
"2023-09-19 00:00:00";27380;18646
"2023-09-20 00:00:00";26954;18403
"2023-09-21 00:00:00";26641;18012
"2023-09-22 00:00:00";28182;19161
"2023-09-23 00:00:00";34020;24645
"2023-09-24 00:00:00";33765;25434
"2023-09-25 00:00:00";26551;18586
"2023-09-26 00:00:00";25803;17612
"2023-09-27 00:00:00";25405;17567
"2023-09-28 00:00:00";24201;17603
"2023-09-29 00:00:00";24880;19165
"2023-09-30 00:00:00";29925;23012
"2023-10-01 00:00:00";31514;24096
"2023-10-02 00:00:00";24532;19776
"2023-10-03 00:00:00";25344;19292
"2023-10-04 00:00:00";24653;18545
"2023-10-05 00:00:00";24910;18719
"2023-10-06 00:00:00";35366;23969
"2023-10-07 00:00:00";49133;32245
"2023-10-08 00:00:00";56348;37106
"2023-10-09 00:00:00";50167;32325
"2023-10-10 00:00:00";50318;30510
"2023-10-11 00:00:00";50566;30655
"2023-10-12 00:00:00";53336;32093
"2023-10-13 00:00:00";56180;35033
"2023-10-14 00:00:00";66989;44618
"2023-10-15 00:00:00";66860;46474
"2023-10-16 00:00:00";57215;34471
"2023-10-17 00:00:00";58179;34405
"2023-10-18 00:00:00";57859;34408
"2023-10-19 00:00:00";58366;34772
"2023-10-20 00:00:00";60850;37460
"2023-10-21 00:00:00";67628;46097
"2023-10-22 00:00:00";66060;46204
"2023-10-23 00:00:00";55129;33427
"2023-10-24 00:00:00";53871;32084
"2023-10-25 00:00:00";52617;31686
"2023-10-26 00:00:00";50997;30795
"2023-10-27 00:00:00";52742;32424
"2023-10-28 00:00:00";57416;39551
"2023-10-29 00:00:00";56747;40047
"2023-10-30 00:00:00";46785;29276
"2023-10-31 00:00:00";45790;27905
"2023-11-01 00:00:00";46531;28285
"2023-11-02 00:00:00";45364;28340
"2023-11-03 00:00:00";45831;29409
"2023-11-04 00:00:00";51749;36115
"2023-11-05 00:00:00";50175;36373
"2023-11-06 00:00:00";41134;26442
"2023-11-07 00:00:00";39764;25444
"2023-11-08 00:00:00";38176;24494
"2023-11-09 00:00:00";38081;24285
"2023-11-10 00:00:00";40600;26874
"2023-11-11 00:00:00";46949;33268
"2023-11-12 00:00:00";46493;33984
"2023-11-13 00:00:00";36340;24617
"2023-11-14 00:00:00";36264;23762
"2023-11-15 00:00:00";35954;23374
"2023-11-16 00:00:00";34647;22862
"2023-11-17 00:00:00";37405;24583
"2023-11-18 00:00:00";44309;31494
"2023-11-19 00:00:00";43263;31678
"2023-11-20 00:00:00";34873;23738
"2023-11-21 00:00:00";34036;23078
"2023-11-22 00:00:00";34047;23012
"2023-11-23 00:00:00";34137;23660
"2023-11-24 00:00:00";36457;25063
"2023-11-25 00:00:00";41795;30868
"2023-11-26 00:00:00";41982;31618
"2023-11-27 00:00:00";33247;22973
"2023-11-28 00:00:00";33284;22428
"2023-11-29 00:00:00";33865;22582
"2023-11-30 00:00:00";33569;22453
"2023-12-01 00:00:00";36010;23865
"2023-12-02 00:00:00";42363;30833
"2023-12-03 00:00:00";42426;31892
"2023-12-04 00:00:00";33772;23302
"2023-12-05 00:00:00";33102;22430
"2023-12-06 00:00:00";32972;22368
"2023-12-07 00:00:00";32070;21992
"2023-12-08 00:00:00";34537;23224
"2023-12-09 00:00:00";40064;29280
"2023-12-10 00:00:00";40412;30486
"2023-12-11 00:00:00";32305;22869
"2023-12-12 00:00:00";32333;22208
"2023-12-13 00:00:00";32279;22243
"2023-12-14 00:00:00";31960;21995
"2023-12-15 00:00:00";33792;23619
"2023-12-16 00:00:00";40314;29379
"2023-12-17 00:00:00";39838;30610
"2023-12-18 00:00:00";32350;23804
"2023-12-19 00:00:00";33050;23708
"2023-12-20 00:00:00";32553;23661
"2023-12-21 00:00:00";33238;24470
"2023-12-22 00:00:00";49535;33140
"2023-12-23 00:00:00";62541;44063
"2023-12-24 00:00:00";66839;46358
"2023-12-25 00:00:00";69040;44288
"2023-12-26 00:00:00";75594;49216
"2023-12-27 00:00:00";77347;51217
"2023-12-28 00:00:00";79952;53321
"2023-12-29 00:00:00";83198;57335
"2023-12-30 00:00:00";88431;64752
"2023-12-31 00:00:00";85441;63875
"2024-01-01 00:00:00";87674;64776
"2024-01-02 00:00:00";89709;61689
"2024-01-03 00:00:00";89888;60909
"2024-01-04 00:00:00";89164;60817
"2024-01-05 00:00:00";92205;63169
"2024-01-06 00:00:00";99048;72721
"2024-01-07 00:00:00";95996;72883
"2024-01-08 00:00:00";79078;56243
"2024-01-09 00:00:00";77031;53234
"2024-01-10 00:00:00";73223;50764
"2024-01-11 00:00:00";70021;48041
"2024-01-12 00:00:00";75076;52086
"2024-01-13 00:00:00";86800;64407
"2024-01-14 00:00:00";86531;66318
"2024-01-15 00:00:00";70948;53838
"2024-01-16 00:00:00";70398;51611
"2024-01-17 00:00:00";70986;50335
"2024-01-18 00:00:00";69666;49395
"2024-01-19 00:00:00";72507;51672
"2024-01-20 00:00:00";82851;61567
"2024-01-21 00:00:00";81742;62363
"2024-01-22 00:00:00";63455;46747
"2024-01-23 00:00:00";61464;44506
"2024-01-24 00:00:00";59960;42938
"2024-01-25 00:00:00";57939;41720
"2024-01-26 00:00:00";59192;43345
"2024-01-27 00:00:00";70061;52729
"2024-01-28 00:00:00";71308;54617
"2024-01-29 00:00:00";55455;41863
"2024-01-30 00:00:00";55391;40632
"2024-01-31 00:00:00";54017;39787
"2024-02-01 00:00:00";51809;39019
"2024-02-02 00:00:00";55152;40993
"2024-02-03 00:00:00";65363;50151
"2024-02-04 00:00:00";68094;52116
"2024-02-05 00:00:00";51567;40959
"2024-02-06 00:00:00";49623;38937
"2024-02-07 00:00:00";48911;38303
"2024-02-08 00:00:00";47684;37961
"2024-02-09 00:00:00";47793;38445
"2024-02-10 00:00:00";58061;45822
"2024-02-11 00:00:00";61612;47994
"2024-02-12 00:00:00";47541;39577
"2024-02-13 00:00:00";48377;38802
"2024-02-14 00:00:00";44926;36060
"2024-02-15 00:00:00";45523;35965
"2024-02-16 00:00:00";48849;38725
"2024-02-17 00:00:00";57520;45477
"2024-02-18 00:00:00";59232;46412
"2024-02-19 00:00:00";46665;38136
"2024-02-20 00:00:00";45866;35686
"2024-02-21 00:00:00";53777;42685
"2024-02-22 00:00:00";70188;53738
"2024-02-23 00:00:00";81361;61542
"2024-02-24 00:00:00";100936;78084
"2024-02-25 00:00:00";108636;86117
"2024-02-26 00:00:00";85679;66895
"2024-02-27 00:00:00";86284;66454
"2024-02-28 00:00:00";87143;67023
"2024-02-29 00:00:00";84933;65305
"2024-03-01 00:00:00";92198;69382
"2024-03-02 00:00:00";112016;87469
"2024-03-03 00:00:00";112406;91024
"2024-03-04 00:00:00";83875;66204
"2024-03-05 00:00:00";83966;63784
"2024-03-06 00:00:00";81357;62163
"2024-03-07 00:00:00";80652;61203
"2024-03-08 00:00:00";88533;65614
"2024-03-09 00:00:00";105190;81012
"2024-03-10 00:00:00";106480;84538
"2024-03-11 00:00:00";79353;60752
"2024-03-12 00:00:00";78858;57928
"2024-03-13 00:00:00";76185;56715
"2024-03-14 00:00:00";73383;55415
"2024-03-15 00:00:00";81480;58941
"2024-03-16 00:00:00";97188;73063
"2024-03-17 00:00:00";97491;76053
"2024-03-18 00:00:00";70410;54153
"2024-03-19 00:00:00";70974;52174
"2024-03-20 00:00:00";69418;51988
"2024-03-21 00:00:00";66205;49141
"2024-03-22 00:00:00";69880;50911
"2024-03-23 00:00:00";88327;66144
"2024-03-24 00:00:00";88765;69065
"2024-03-25 00:00:00";67995;50555
"2024-03-26 00:00:00";66402;48432
"2024-03-27 00:00:00";63873;47503
"2024-03-28 00:00:00";64967;47934
"2024-03-29 00:00:00";75270;53916
"2024-03-30 00:00:00";78511;59731
"2024-03-31 00:00:00";76343;60730
"2024-04-01 00:00:00";72439;50576
"2024-04-02 00:00:00";61059;44102
"2024-04-03 00:00:00";61505;43786
"2024-04-04 00:00:00";60538;47002
"2024-04-05 00:00:00";62981;48024
"2024-04-06 00:00:00";73083;55666
"2024-04-07 00:00:00";77663;55488
"2024-04-08 00:00:00";59807;42321
"2024-04-09 00:00:00";59315;40643
"2024-04-10 00:00:00";57436;39850
"2024-04-11 00:00:00";54303;37948
"2024-04-12 00:00:00";58315;40404
"2024-04-13 00:00:00";68557;50726
"2024-04-14 00:00:00";69045;51870
"2024-04-15 00:00:00";53053;37102
"2024-04-16 00:00:00";52942;35782
"2024-04-17 00:00:00";51690;35114
"2024-04-18 00:00:00";50574;34683
"2024-04-19 00:00:00";55104;37534
"2024-04-20 00:00:00";65986;47622
"2024-04-21 00:00:00";66608;49520
"2024-04-22 00:00:00";50838;35365
"2024-04-23 00:00:00";51088;34148
"2024-04-24 00:00:00";48675;33039
"2024-04-25 00:00:00";48471;33124
"2024-04-26 00:00:00";51155;34747
"2024-04-27 00:00:00";57751;43297
"2024-04-28 00:00:00";61527;43599
"2024-04-29 00:00:00";47015;34041
"2024-04-30 00:00:00";47246;33864
"2024-05-01 00:00:00";53071;38698
"2024-05-02 00:00:00";45095;34227
"2024-05-03 00:00:00";48807;36377
"2024-05-04 00:00:00";57653;43116
"2024-05-05 00:00:00";60435;45050
"2024-05-06 00:00:00";48625;34473
"2024-05-07 00:00:00";47036;31769
"2024-05-08 00:00:00";45502;31140
"2024-05-09 00:00:00";48779;32437
"2024-05-10 00:00:00";49065;33187
"2024-05-11 00:00:00";57961;41166
"2024-05-12 00:00:00";59410;45419
"2024-05-13 00:00:00";47713;35277
"2024-05-14 00:00:00";49685;35967
"2024-05-15 00:00:00";49208;36958
"2024-05-16 00:00:00";48832;37236
"2024-05-17 00:00:00";53689;40668
"2024-05-18 00:00:00";66243;52189
"2024-05-19 00:00:00";68656;56291
"2024-05-20 00:00:00";61041;46011
"2024-05-21 00:00:00";56408;43914
"2024-05-22 00:00:00";61167;47017
"2024-05-23 00:00:00";59191;46182
"2024-05-24 00:00:00";67436;50785
"2024-05-25 00:00:00";79393;63094
"2024-05-26 00:00:00";82749;66860
"2024-05-27 00:00:00";77569;58644
"2024-05-28 00:00:00";69585;53975
"2024-05-29 00:00:00";68999;53128
"2024-05-30 00:00:00";73544;55364
"2024-05-31 00:00:00";75739;56555
"2024-06-01 00:00:00";90308;69769
"2024-06-02 00:00:00";94931;75208
"2024-06-03 00:00:00";75184;57983
"2024-06-04 00:00:00";77914;59530
"2024-06-05 00:00:00";89030;65796
"2024-06-06 00:00:00";93372;68389
"2024-06-07 00:00:00";100261;72827
"2024-06-08 00:00:00";121138;91752
"2024-06-09 00:00:00";132915;100303
"2024-06-10 00:00:00";106494;83922
"2024-06-11 00:00:00";111207;79359
"2024-06-12 00:00:00";115872;83281
"2024-06-13 00:00:00";117583;85049
"2024-06-14 00:00:00";128355;92202
"2024-06-15 00:00:00";160525;120493
"2024-06-16 00:00:00";174463;134535
"2024-06-17 00:00:00";159356;116692
"2024-06-18 00:00:00";169779;127153
"2024-06-19 00:00:00";194570;148609
"2024-06-20 00:00:00";558139;205220
"2024-06-21 00:00:00";739677;569232
"2024-06-22 00:00:00";781261;616913
"2024-06-23 00:00:00";766158;609261
"2024-06-24 00:00:00";632363;467956
"2024-06-25 00:00:00";572778;422093
"2024-06-26 00:00:00";531676;394404
"2024-06-27 00:00:00";484319;364966
"2024-06-28 00:00:00";476221;355370
"2024-06-29 00:00:00";519761;407393
"2024-06-30 00:00:00";533563;421055
"2024-07-01 00:00:00";431449;331920
"2024-07-02 00:00:00";410577;313382
"2024-07-03 00:00:00";390289;298038
"2024-07-04 00:00:00";357856;281450
"2024-07-05 00:00:00";360540;270424
"2024-07-06 00:00:00";402967;319157
"2024-07-07 00:00:00";398849;327756
"2024-07-08 00:00:00";313210;251410
"2024-07-09 00:00:00";302534;237429
"2024-07-10 00:00:00";282186;222568
"2024-07-11 00:00:00";271764;214807
"2024-07-12 00:00:00";283636;219451
"2024-07-13 00:00:00";319973;255679
"2024-07-14 00:00:00";319707;259345
"2024-07-15 00:00:00";250046;202571
"2024-07-16 00:00:00";239844;189085
"2024-07-17 00:00:00";224485;177602
"2024-07-18 00:00:00";207832;165253
"2024-07-19 00:00:00";212065;165215
"2024-07-20 00:00:00";239913;193332
"2024-07-21 00:00:00";242663;201166
"2024-07-22 00:00:00";190738;155168
"2024-07-23 00:00:00";186206;148330
"2024-07-24 00:00:00";179482;143781
"2024-07-25 00:00:00";170685;136798
"2024-07-26 00:00:00";174975;133900
"2024-07-27 00:00:00";194927;155064
"2024-07-28 00:00:00";193828;159462
"2024-07-29 00:00:00";154716;123970
"2024-07-30 00:00:00";141146;111816
"2024-07-31 00:00:00";142734;113258
"2024-08-01 00:00:00";137572;108558
"2024-08-02 00:00:00";140965;109222
"2024-08-03 00:00:00";159961;128028
"2024-08-04 00:00:00";162442;133584
"2024-08-05 00:00:00";127883;103803
"2024-08-06 00:00:00";122637;97645
"2024-08-07 00:00:00";117866;93157
"2024-08-08 00:00:00";114320;90314
"2024-08-09 00:00:00";118291;92019
"2024-08-10 00:00:00";131570;105604
"2024-08-11 00:00:00";133651;109037
"2024-08-12 00:00:00";106930;85572
"2024-08-13 00:00:00";97728;75525
"2024-08-14 00:00:00";101603;78666
"2024-08-15 00:00:00";101158;77791
"2024-08-16 00:00:00";100262;76919
"2024-08-17 00:00:00";114695;89642
"2024-08-18 00:00:00";117257;93217
"2024-08-19 00:00:00";91569;71183
"2024-08-20 00:00:00";75811;60737
"2024-08-21 00:00:00";72594;58261
"2024-08-22 00:00:00";70836;56464
"2024-08-23 00:00:00";73889;54320
"2024-08-24 00:00:00";84251;66350
"2024-08-25 00:00:00";87129;71463
"2024-08-26 00:00:00";66588;54034
"2024-08-27 00:00:00";63800;50425
"2024-08-28 00:00:00";61039;48113
"2024-08-29 00:00:00";59857;46965
"2024-08-30 00:00:00";64172;49175
"2024-08-31 00:00:00";73923;58388
"2024-09-01 00:00:00";75046;60071
"2024-09-02 00:00:00";66696;50472
"2024-09-03 00:00:00";55899;43157
"2024-09-04 00:00:00";54939;41244
"2024-09-05 00:00:00";53475;40184
"2024-09-06 00:00:00";57677;42314
"2024-09-07 00:00:00";69709;52971
"2024-09-08 00:00:00";71224;55236
"2024-09-09 00:00:00";53054;39321
"2024-09-10 00:00:00";51230;36963
"2024-09-11 00:00:00";48109;34521
"2024-09-12 00:00:00";52523;37344
"2024-09-13 00:00:00";56175;39497
"2024-09-14 00:00:00";68231;49051
"2024-09-15 00:00:00";71234;53019
"2024-09-16 00:00:00";54350;42931
"2024-09-17 00:00:00";51432;39551
"2024-09-18 00:00:00";51863;35866
"2024-09-19 00:00:00";50772;35045
"2024-09-20 00:00:00";57401;39047
"2024-09-21 00:00:00";71182;51485
"2024-09-22 00:00:00";74241;54768
"2024-09-23 00:00:00";57695;39989
"2024-09-24 00:00:00";57427;38319
"2024-09-25 00:00:00";55908;37428
"2024-09-26 00:00:00";54919;37234
"2024-09-27 00:00:00";57971;39259
"2024-09-28 00:00:00";65854;48555
"2024-09-29 00:00:00";66687;47598
"2024-09-30 00:00:00";50270;36516
"2024-10-01 00:00:00";48445;37017
"2024-10-02 00:00:00";47163;35320
"2024-10-03 00:00:00";47545;35820
"2024-10-04 00:00:00";49412;36400
"2024-10-05 00:00:00";58617;43570
"2024-10-06 00:00:00";61587;45149
"2024-10-07 00:00:00";45874;34137
"2024-10-08 00:00:00";46672;30776
"2024-10-09 00:00:00";45556;30423
"2024-10-10 00:00:00";44675;29701
"2024-10-11 00:00:00";47272;31277
"2024-10-12 00:00:00";56976;38494
"2024-10-13 00:00:00";56621;41466
"2024-10-14 00:00:00";44487;31029
"2024-10-15 00:00:00";42698;28488
"2024-10-16 00:00:00";42706;28127
"2024-10-17 00:00:00";40922;27296
"2024-10-18 00:00:00";44621;29999
"2024-10-19 00:00:00";53206;38674
"2024-10-20 00:00:00";54059;39494
"2024-10-21 00:00:00";41987;28344
"2024-10-22 00:00:00";42811;28013
"2024-10-23 00:00:00";41954;27670
"2024-10-24 00:00:00";41782;27364
"2024-10-25 00:00:00";44504;29198
"2024-10-26 00:00:00";51058;36469
"2024-10-27 00:00:00";50484;37680
"2024-10-28 00:00:00";40759;27332
"2024-10-29 00:00:00";39818;26308
"2024-10-30 00:00:00";38987;25910
"2024-10-31 00:00:00";38979;25632
"2024-11-01 00:00:00";41850;27291
"2024-11-02 00:00:00";44449;33370
"2024-11-03 00:00:00";46820;34314
"2024-11-04 00:00:00";36806;25631
"2024-11-05 00:00:00";35972;24425
"2024-11-06 00:00:00";35332;23795
"2024-11-07 00:00:00";34462;23524
"2024-11-08 00:00:00";37537;25799
"2024-11-09 00:00:00";44916;33249
"2024-11-10 00:00:00";45155;34219
"2024-11-11 00:00:00";36929;25982
"2024-11-12 00:00:00";34949;24026
"2024-11-13 00:00:00";35336;23737
"2024-11-14 00:00:00";34295;23753
"2024-11-15 00:00:00";38308;26310
"2024-11-16 00:00:00";44663;32947
"2024-11-17 00:00:00";45837;34674
"2024-11-18 00:00:00";35039;25034
"2024-11-19 00:00:00";35054;24340
"2024-11-20 00:00:00";35209;24443
"2024-11-21 00:00:00";33292;23494
"2024-11-22 00:00:00";36600;25499
"2024-11-23 00:00:00";43893;32694
"2024-11-24 00:00:00";44081;33818
"2024-11-25 00:00:00";33768;24852
"2024-11-26 00:00:00";33974;24502
"2024-11-27 00:00:00";34019;24702
"2024-11-28 00:00:00";34591;25073
"2024-11-29 00:00:00";37099;26811
"2024-11-30 00:00:00";43601;32876
"2024-12-01 00:00:00";43402;33480
"2024-12-02 00:00:00";33381;24280
"2024-12-03 00:00:00";33204;23640
"2024-12-04 00:00:00";32572;23250
"2024-12-05 00:00:00";32969;23149
"2024-12-06 00:00:00";34976;24215
"2024-12-07 00:00:00";41698;30567
"2024-12-08 00:00:00";41720;31474
"2024-12-09 00:00:00";32564;23040
"2024-12-10 00:00:00";31893;22452
"2024-12-11 00:00:00";31722;22195
"2024-12-12 00:00:00";31233;21939
"2024-12-13 00:00:00";37620;26254
"2024-12-14 00:00:00";46773;35331
"2024-12-15 00:00:00";47716;37868
"2024-12-16 00:00:00";37051;29188
"2024-12-17 00:00:00";37697;29122
"2024-12-18 00:00:00";37515;29039
"2024-12-19 00:00:00";37793;29264
"2024-12-20 00:00:00";51497;36660
"2024-12-21 00:00:00";64495;47826
"2024-12-22 00:00:00";69195;52327
"2024-12-23 00:00:00";64896;45971
"2024-12-24 00:00:00";66623;45615
"2024-12-25 00:00:00";65600;46903
"2024-12-26 00:00:00";70486;50628
"2024-12-27 00:00:00";72912;53578
"2024-12-28 00:00:00";78689;60280
"2024-12-29 00:00:00";79862;62966
"2024-12-30 00:00:00";75653;56891
"2024-12-31 00:00:00";75424;55431
"2025-01-01 00:00:00";75507;60184
"2025-01-02 00:00:00";74842;57128
"2025-01-03 00:00:00";78245;58378
"2025-01-04 00:00:00";83919;65016
"2025-01-05 00:00:00";80878;65517
"2025-01-06 00:00:00";69288;52400
"2025-01-07 00:00:00";63209;48062
"2025-01-08 00:00:00";62131;46626
"2025-01-09 00:00:00";59171;45572
"2025-01-10 00:00:00";62473;47862
"2025-01-11 00:00:00";75579;58514
"2025-01-12 00:00:00";76529;59960
"2025-01-13 00:00:00";57283;45525
"2025-01-14 00:00:00";56578;43361
"2025-01-15 00:00:00";55748;41885
"2025-01-16 00:00:00";53927;41396
"2025-01-17 00:00:00";58165;43756
"2025-01-18 00:00:00";70060;54075
"2025-01-19 00:00:00";71931;56922
"2025-01-20 00:00:00";56395;46428
"2025-01-21 00:00:00";54818;43203
"2025-01-22 00:00:00";54181;42006
"2025-01-23 00:00:00";52754;41265
"2025-01-24 00:00:00";55575;43167
"2025-01-25 00:00:00";66869;52107
"2025-01-26 00:00:00";70889;54671
"2025-01-27 00:00:00";52180;43003
"2025-01-28 00:00:00";49183;40222
"2025-01-29 00:00:00";48997;39678
"2025-01-30 00:00:00";48749;39135
"2025-01-31 00:00:00";51856;41412
"2025-02-01 00:00:00";63604;49768
"2025-02-02 00:00:00";66923;52576
"2025-02-03 00:00:00";50196;41188
"2025-02-04 00:00:00";49754;39801
"2025-02-05 00:00:00";49570;38177
"2025-02-06 00:00:00";48961;37870
"2025-02-07 00:00:00";50583;38590
"2025-02-08 00:00:00";63165;47399
"2025-02-09 00:00:00";65168;50210
"2025-02-10 00:00:00";49636;37969
"2025-02-11 00:00:00";49602;38088
"2025-02-12 00:00:00";49181;37694
"2025-02-13 00:00:00";48613;37570
"2025-02-14 00:00:00";51736;38955
"2025-02-15 00:00:00";65976;50015
"2025-02-16 00:00:00";69708;54980
"2025-02-17 00:00:00";54647;43632
"2025-02-18 00:00:00";53973;41059
"2025-02-19 00:00:00";52923;40461
"2025-02-20 00:00:00";51874;39821
"2025-02-21 00:00:00";55982;41488
"2025-02-22 00:00:00";67931;51833
"2025-02-23 00:00:00";69448;54387
"2025-02-24 00:00:00";51857;39655
"2025-02-25 00:00:00";51208;37545
"2025-02-26 00:00:00";50184;36578
"2025-02-27 00:00:00";49021;36374
"2025-02-28 00:00:00";50063;36645
"2025-03-01 00:00:00";60034;45480
"2025-03-02 00:00:00";60287;47622
"2025-03-03 00:00:00";46846;35519
"2025-03-04 00:00:00";42813;32429
"2025-03-05 00:00:00";44831;32271
"2025-03-06 00:00:00";42936;31427
"2025-03-07 00:00:00";45991;33604
"2025-03-08 00:00:00";55101;42433
"2025-03-09 00:00:00";56624;44279
"2025-03-10 00:00:00";42750;31988
"2025-03-11 00:00:00";42782;31057
"2025-03-12 00:00:00";42460;30873
"2025-03-13 00:00:00";42462;30940
"2025-03-14 00:00:00";53192;36819
"2025-03-15 00:00:00";68692;49412
"2025-03-16 00:00:00";72543;53626
"2025-03-17 00:00:00";57058;39845
"2025-03-18 00:00:00";58173;39404
"2025-03-19 00:00:00";58434;39617
"2025-03-20 00:00:00";58003;39698
"2025-03-21 00:00:00";63057;42762
"2025-03-22 00:00:00";74673;53707
"2025-03-23 00:00:00";75539;55766
"2025-03-24 00:00:00";58123;40290
"2025-03-25 00:00:00";56465;37961
"2025-03-26 00:00:00";54912;37476
"2025-03-27 00:00:00";52415;36373
"2025-03-28 00:00:00";57780;39024
"2025-03-29 00:00:00";68744;49536
"2025-03-30 00:00:00";69440;50211
"2025-03-31 00:00:00";54518;36438
"2025-04-01 00:00:00";52325;34469
"2025-04-02 00:00:00";49986;33793
"2025-04-03 00:00:00";50682;34362
"2025-04-04 00:00:00";51103;37585
"2025-04-05 00:00:00";60272;44343
"2025-04-06 00:00:00";62826;45780
"2025-04-07 00:00:00";48566;33069
"2025-04-08 00:00:00";48651;31973
"2025-04-09 00:00:00";47466;31336
"2025-04-10 00:00:00";46560;31222
"2025-04-11 00:00:00";50992;34168
"2025-04-12 00:00:00";60525;43963
"2025-04-13 00:00:00";61705;45320
"2025-04-14 00:00:00";48246;33021
"2025-04-15 00:00:00";47750;32320
"2025-04-16 00:00:00";46645;31890
"2025-04-17 00:00:00";47657;32643
"2025-04-18 00:00:00";55013;37539
"2025-04-19 00:00:00";57345;42054
"2025-04-20 00:00:00";55098;42247
"2025-04-21 00:00:00";53721;35967
"2025-04-22 00:00:00";46066;31163
"2025-04-23 00:00:00";43392;29489
"2025-04-24 00:00:00";43461;29532
"2025-04-25 00:00:00";46944;31819
"2025-04-26 00:00:00";52536;38976
"2025-04-27 00:00:00";54431;38457
"2025-04-28 00:00:00";40973;28877
"2025-04-29 00:00:00";40091;28186
"2025-04-30 00:00:00";40201;28536
"2025-05-01 00:00:00";45258;33834
"2025-05-02 00:00:00";42900;32740
"2025-05-03 00:00:00";49830;37722
"2025-05-04 00:00:00";54426;40066
"2025-05-05 00:00:00";42298;32008
"2025-05-06 00:00:00";40532;28857
"2025-05-07 00:00:00";40008;27794
"2025-05-08 00:00:00";42549;29055
"2025-05-09 00:00:00";45483;30969
"2025-05-10 00:00:00";53442;39033
"2025-05-11 00:00:00";52658;39504
"2025-05-12 00:00:00";40995;29118
"2025-05-13 00:00:00";40365;28390
"2025-05-14 00:00:00";40927;28483
"2025-05-15 00:00:00";40138;28254
"2025-05-16 00:00:00";44514;30595
"2025-05-17 00:00:00";53543;39252
"2025-05-18 00:00:00";54336;40985
"2025-05-19 00:00:00";42627;30588
"2025-05-20 00:00:00";40999;29237
"2025-05-21 00:00:00";41063;29042
"2025-05-22 00:00:00";41657;29317
"2025-05-23 00:00:00";45860;32094
"2025-05-24 00:00:00";54889;40629
"2025-05-25 00:00:00";56510;42748
"2025-05-26 00:00:00";48479;35748
"2025-05-27 00:00:00";45788;33107
"2025-05-28 00:00:00";45850;33208
"2025-05-29 00:00:00";50264;34735
"2025-05-30 00:00:00";43691;30340
"2025-05-31 00:00:00";50968;38004
"2025-06-01 00:00:00";55746;41704
"2025-06-02 00:00:00";45067;34427
"2025-06-03 00:00:00";45106;32025
"2025-06-04 00:00:00";45762;31926
"2025-06-05 00:00:00";45501;32194
"2025-06-06 00:00:00";47879;33941
"2025-06-07 00:00:00";56211;41361
"2025-06-08 00:00:00";58321;43999
"2025-06-09 00:00:00";50341;35839
"2025-06-10 00:00:00";45788;33321
"2025-06-11 00:00:00";45171;32823
"2025-06-12 00:00:00";43050;32028
"2025-06-13 00:00:00";45929;33636
"2025-06-14 00:00:00";53282;40503
"2025-06-15 00:00:00";54905;42412
"2025-06-16 00:00:00";44162;33704
"2025-06-17 00:00:00";43105;32833
"2025-06-18 00:00:00";41888;32482
"2025-06-19 00:00:00";44311;33346
"2025-06-20 00:00:00";43807;32608
"2025-06-21 00:00:00";49324;37862
"2025-06-22 00:00:00";50919;39830
"2025-06-23 00:00:00";41335;31770
"2025-06-24 00:00:00";41182;31156
"2025-06-25 00:00:00";39515;30071
"2025-06-26 00:00:00";37700;29179
"2025-06-27 00:00:00";46373;33797
"2025-06-28 00:00:00";55407;41699
"2025-06-29 00:00:00";58492;45503
"2025-06-30 00:00:00";50111;37567
"2025-07-01 00:00:00";51237;37470
"2025-07-02 00:00:00";49470;36650
"2025-07-03 00:00:00";48918;36030
"2025-07-04 00:00:00";53263;38836
"2025-07-05 00:00:00";59038;44410
"2025-07-06 00:00:00";62202;48283
"2025-07-07 00:00:00";53006;39438
"2025-07-08 00:00:00";53042;38756
"2025-07-09 00:00:00";52193;38394
"2025-07-10 00:00:00";51559;37536
"2025-07-11 00:00:00";52788;38326
"2025-07-12 00:00:00";59257;44380
"2025-07-13 00:00:00";60625;46681
"2025-07-14 00:00:00";52192;38014
"2025-07-15 00:00:00";50600;36347
"2025-07-16 00:00:00";48915;35635
"2025-07-17 00:00:00";47467;34743
"2025-07-18 00:00:00";48711;35202
"2025-07-19 00:00:00";54686;41176
"2025-07-20 00:00:00";56728;43647
"2025-07-21 00:00:00";48541;35925
"2025-07-22 00:00:00";48088;34416
"2025-07-23 00:00:00";46653;33867
"2025-07-24 00:00:00";45125;32840
"2025-07-25 00:00:00";46614;33804
"2025-07-26 00:00:00";52589;39486
"2025-07-27 00:00:00";54404;42160
"2025-07-28 00:00:00";47050;34428
"2025-07-29 00:00:00";46294;33292
"2025-07-30 00:00:00";45108;32551
"2025-07-31 00:00:00";42516;31160
"2025-08-01 00:00:00";43847;31317
"2025-08-02 00:00:00";48775;36499
"2025-08-03 00:00:00";51006;38665
"2025-08-04 00:00:00";43755;31329
"2025-08-05 00:00:00";42825;30268
"2025-08-06 00:00:00";41683;29799
"2025-08-07 00:00:00";39972;28607
"2025-08-08 00:00:00";41005;29122
"2025-08-09 00:00:00";45638;33809
"2025-08-10 00:00:00";47599;35818
"2025-08-11 00:00:00";41552;29897
"2025-08-12 00:00:00";41555;29166
"2025-08-13 00:00:00";40348;28361
"2025-08-14 00:00:00";38210;26978
"2025-08-15 00:00:00";40150;28119
"2025-08-16 00:00:00";44043;32411
"2025-08-17 00:00:00";46255;34521
"2025-08-18 00:00:00";39508;27814
"2025-08-19 00:00:00";39875;27532
"2025-08-20 00:00:00";39517;27356
"2025-08-21 00:00:00";38083;25974
"2025-08-22 00:00:00";39912;27585
"2025-08-23 00:00:00";45597;33386
"2025-08-24 00:00:00";47673;35575
"2025-08-25 00:00:00";39885;27856
"2025-08-26 00:00:00";38980;26741
"2025-08-27 00:00:00";38393;26187
"2025-08-28 00:00:00";36400;25146
"2025-08-29 00:00:00";37999;26226
"2025-08-30 00:00:00";43279;31201
"2025-08-31 00:00:00";43899;32577
"2025-09-01 00:00:00";38048;26963
"2025-09-02 00:00:00";35809;24121
"2025-09-03 00:00:00";34902;23309
"2025-09-04 00:00:00";32690;22030
"2025-09-05 00:00:00";34028;22642
"2025-09-06 00:00:00";40034;28636
"2025-09-07 00:00:00";40480;29748
"2025-09-08 00:00:00";32570;21567
"2025-09-09 00:00:00";32517;20845
"2025-09-10 00:00:00";31615;20299
"2025-09-11 00:00:00";30048;19395
"2025-09-12 00:00:00";31689;20460
"2025-09-13 00:00:00";37283;25761
"2025-09-14 00:00:00";38088;27133
"2025-09-15 00:00:00";29450;19749
"2025-09-16 00:00:00";29419;19076
"2025-09-17 00:00:00";28348;18436
"2025-09-18 00:00:00";28672;18270
"2025-09-19 00:00:00";30163;19661
"2025-09-20 00:00:00";35732;25093
"2025-09-21 00:00:00";36967;26301
"2025-09-22 00:00:00";29011;19155
"2025-09-23 00:00:00";29274;19323
"2025-09-24 00:00:00";28134;18642
"2025-09-25 00:00:00";27070;17635
"2025-09-26 00:00:00";29236;19017
"2025-09-27 00:00:00";33468;24030
"2025-09-28 00:00:00";34853;23851
"2025-09-29 00:00:00";26195;18133
"2025-09-30 00:00:00";26175;18039
"2025-10-01 00:00:00";25690;18963
"2025-10-02 00:00:00";25613;19003
"2025-10-03 00:00:00";27458;19990
"2025-10-04 00:00:00";31639;23270
"2025-10-05 00:00:00";33795;24374
"2025-10-06 00:00:00";25913;19462
"2025-10-07 00:00:00";26287;18486
"2025-10-08 00:00:00";25992;18688
"2025-10-09 00:00:00";26091;17196
"2025-10-10 00:00:00";27819;18304
"2025-10-11 00:00:00";33420;22301
"2025-10-12 00:00:00";34319;24539
"2025-10-13 00:00:00";27381;18644
"2025-10-14 00:00:00";26736;17440
"2025-10-15 00:00:00";26149;17169
"2025-10-16 00:00:00";25841;17080
"2025-10-17 00:00:00";28187;18726
"2025-10-18 00:00:00";34447;24113
"2025-10-19 00:00:00";35096;25079
"2025-10-20 00:00:00";27594;18607
"2025-10-21 00:00:00";27149;18090
"2025-10-22 00:00:00";26585;17809
"2025-10-23 00:00:00";26334;17595
"2025-10-24 00:00:00";28575;19038
"2025-10-25 00:00:00";33641;23977
"2025-10-26 00:00:00";34526;25202
"2025-10-27 00:00:00";26664;18631
"2025-10-28 00:00:00";26503;18046
"2025-10-29 00:00:00";25661;17871
"2025-10-30 00:00:00";25131;17524
"2025-10-31 00:00:00";27316;18187
"2025-11-01 00:00:00";31994;22814
"2025-11-02 00:00:00";33424;24691
"2025-11-03 00:00:00";25757;18751
"2025-11-04 00:00:00";25665;18177
"2025-11-05 00:00:00";24171;17465
"2025-11-06 00:00:00";24305;17552
"2025-11-07 00:00:00";27204;19360
"2025-11-08 00:00:00";33140;24860
"2025-11-09 00:00:00";33903;26203
"2025-11-10 00:00:00";26872;19974
"2025-11-11 00:00:00";28204;20450
"2025-11-12 00:00:00";26505;19400
"2025-11-13 00:00:00";26125;19167
"2025-11-14 00:00:00";28085;20683
"2025-11-15 00:00:00";34791;26308
"2025-11-16 00:00:00";35348;27408
"2025-11-17 00:00:00";26991;20318
"2025-11-18 00:00:00";27644;19725
"2025-11-19 00:00:00";26333;19255
"2025-11-20 00:00:00";26261;19105
"2025-11-21 00:00:00";28568;20914
"2025-11-22 00:00:00";34975;26544
"2025-11-23 00:00:00";36275;27975
"2025-11-24 00:00:00";27096;21053
"2025-11-25 00:00:00";26989;20308
"2025-11-26 00:00:00";26884;20424
"2025-11-27 00:00:00";27793;20871
"2025-11-28 00:00:00";29594;22124
"2025-11-29 00:00:00";35470;27451
"2025-11-30 00:00:00";35449;28494
"2025-12-01 00:00:00";27204;21050
"2025-12-02 00:00:00";27431;20622
"2025-12-03 00:00:00";26927;20169
"2025-12-04 00:00:00";25358;19020
"2025-12-05 00:00:00";27723;20419
"2025-12-06 00:00:00";33403;26035
"2025-12-07 00:00:00";34586;27647
"2025-12-08 00:00:00";27817;21554
"2025-12-09 00:00:00";27278;20987
"2025-12-10 00:00:00";26928;20637
"2025-12-11 00:00:00";27097;20689
"2025-12-12 00:00:00";28360;21233
"2025-12-13 00:00:00";34982;27113
"2025-12-14 00:00:00";35598;28536
"2025-12-15 00:00:00";27361;21801
"2025-12-16 00:00:00";27228;21067
"2025-12-17 00:00:00";27172;21077
"2025-12-18 00:00:00";27213;21304
"2025-12-19 00:00:00";36383;26204
"2025-12-20 00:00:00";44439;33376
"2025-12-21 00:00:00";47073;36040
"2025-12-22 00:00:00";43335;30545
"2025-12-23 00:00:00";44255;31479
"2025-12-24 00:00:00";45258;31727
"2025-12-25 00:00:00";44923;32708
"2025-12-26 00:00:00";48433;35491
"2025-12-27 00:00:00";52400;40794
"2025-12-28 00:00:00";53497;42816
"2025-12-29 00:00:00";49512;37963
"2025-12-30 00:00:00";49798;38254
"2025-12-31 00:00:00";48085;36885
"2026-01-01 00:00:00";52322;41715
"2026-01-02 00:00:00";54566;44110
"2026-01-03 00:00:00";56129;45571
"2026-01-04 00:00:00";57460;45368
"2026-01-05 00:00:00";48513;37744
"2026-01-06 00:00:00";49180;36440
"2026-01-07 00:00:00";46152;34819
"2026-01-08 00:00:00";44139;33779
"2026-01-09 00:00:00";49339;35856
"2026-01-10 00:00:00";55861;43704
"2026-01-11 00:00:00";56366;44872
"2026-01-12 00:00:00";42550;33913
"2026-01-13 00:00:00";41295;31874
"2026-01-14 00:00:00";40776;31161
"2026-01-15 00:00:00";39745;31010
"2026-01-16 00:00:00";42834;32785
"2026-01-17 00:00:00";52066;41086
"2026-01-18 00:00:00";53655;43175
"2026-01-19 00:00:00";41354;34332
"2026-01-20 00:00:00";40149;31677
"2026-01-21 00:00:00";40238;31133
"2026-01-22 00:00:00";37276;29248
"2026-01-23 00:00:00";39689;31029
"2026-01-24 00:00:00";48842;39269
"2026-01-25 00:00:00";50539;41900
"2026-01-26 00:00:00";38262;32340
"2026-01-27 00:00:00";37645;30118
"2026-01-28 00:00:00";36536;28614
"2026-01-29 00:00:00";35415;27901
"2026-01-30 00:00:00";37166;29060
"2026-01-31 00:00:00";45982;36324
"2026-02-01 00:00:00";46905;38005
"2026-02-02 00:00:00";35439;28658
"2026-02-03 00:00:00";33884;26717
"2026-02-04 00:00:00";34028;26329
"2026-02-05 00:00:00";33030;26143
"2026-02-06 00:00:00";34900;27408
"2026-02-07 00:00:00";43008;34081
"2026-02-08 00:00:00";45109;36200
"2026-02-09 00:00:00";33270;26878
"2026-02-10 00:00:00";32867;26048
"2026-02-11 00:00:00";32106;25713
"2026-02-12 00:00:00";31739;25304
"2026-02-13 00:00:00";32845;26212
"2026-02-14 00:00:00";39474;31205
"2026-02-15 00:00:00";42559;33642
"2026-02-16 00:00:00";34182;28687
"2026-02-17 00:00:00";32389;27088
"2026-02-18 00:00:00";31300;25925
"2026-02-19 00:00:00";31185;25727
"2026-02-20 00:00:00";33042;26218
"2026-02-21 00:00:00";40310;32425
"2026-02-22 00:00:00";42855;34704
"2026-02-23 00:00:00";33014;28454
"2026-02-24 00:00:00";31228;25741
"2026-02-25 00:00:00";31156;25164
"2026-02-26 00:00:00";30682;24682
"2026-02-27 00:00:00";30958;24786
"2026-02-28 00:00:00";38412;29801
"2026-03-01 00:00:00";28633;32311
"2026-03-01 01:00:00";27948;
"2026-03-01 02:00:00";29326;
"2026-03-01 03:00:00";29890;
"2026-03-01 04:00:00";30024;
"2026-03-01 05:00:00";30006;
"2026-03-01 06:00:00";29776;
"2026-03-01 07:00:00";29378;
"2026-03-01 08:00:00";29275;
"2026-03-01 09:00:00";29314;
"2026-03-01 10:00:00";30323;
"2026-03-01 11:00:00";32902;
"2026-03-01 12:00:00";36405;
"2026-03-01 13:00:00";39195;
"2026-03-01 14:00:00";39974;
"2026-03-01 15:00:00";39730;
"2026-03-01 16:00:00";37866;
"2026-03-01 17:00:00";36238;
"2026-03-01 18:00:00";35728;
"2026-03-01 19:00:00";36182;
"2026-03-01 20:00:00";36170;
"2026-03-01 21:00:00";35025;
"2026-03-01 22:00:00";32504;
"2026-03-01 23:00:00";29014;
"2026-03-02 00:00:00";26366;23991
"2026-03-02 01:00:00";25482;
"2026-03-02 02:00:00";25613;
"2026-03-02 03:00:00";25421;
"2026-03-02 04:00:00";23849;
"2026-03-02 05:00:00";22617;
"2026-03-02 06:00:00";20711;
"2026-03-02 07:00:00";19072;
"2026-03-02 08:00:00";18835;
"2026-03-02 09:00:00";18899;
"2026-03-02 10:00:00";20259;
"2026-03-02 11:00:00";23152;
"2026-03-02 12:00:00";26389;
"2026-03-02 13:00:00";29314;
"2026-03-02 14:00:00";29896;
"2026-03-02 15:00:00";29311;
"2026-03-02 16:00:00";26802;
"2026-03-02 17:00:00";25670;
"2026-03-02 18:00:00";26108;
"2026-03-02 19:00:00";26855;
"2026-03-02 20:00:00";26933;
"2026-03-02 21:00:00";26496;
"2026-03-02 22:00:00";24646;
"2026-03-02 23:00:00";22399;
"2026-03-03 00:00:00";21711;22669
"2026-03-03 01:00:00";22550;
"2026-03-03 02:00:00";23286;
"2026-03-03 03:00:00";23266;
"2026-03-03 04:00:00";22347;
"2026-03-03 05:00:00";21263;
"2026-03-03 06:00:00";19519;
"2026-03-03 07:00:00";18161;
"2026-03-03 08:00:00";17969;
"2026-03-03 09:00:00";18133;
"2026-03-03 10:00:00";19319;
"2026-03-03 11:00:00";22125;
"2026-03-03 12:00:00";25623;
"2026-03-03 13:00:00";28920;
"2026-03-03 14:00:00";29541;
"2026-03-03 15:00:00";28944;
"2026-03-03 16:00:00";26462;
"2026-03-03 17:00:00";24945;
"2026-03-03 18:00:00";25128;
"2026-03-03 19:00:00";25671;
"2026-03-03 20:00:00";25746;
"2026-03-03 21:00:00";25489;
"2026-03-03 22:00:00";23718;
"2026-03-03 23:00:00";21828;
"2026-03-04 00:00:00";21004;22292
"2026-03-04 01:00:00";21670;
"2026-03-04 02:00:00";22547;
"2026-03-04 03:00:00";22442;
"2026-03-04 04:00:00";21452;
"2026-03-04 05:00:00";20643;
"2026-03-04 06:00:00";18890;
"2026-03-04 07:00:00";17605;
"2026-03-04 08:00:00";17554;
"2026-03-04 09:00:00";17700;
"2026-03-04 10:00:00";18838;
"2026-03-04 11:00:00";21854;
"2026-03-04 12:00:00";25377;
"2026-03-04 13:00:00";28374;
"2026-03-04 14:00:00";28901;
"2026-03-04 15:00:00";28264;
"2026-03-04 16:00:00";25992;
"2026-03-04 17:00:00";24744;
"2026-03-04 18:00:00";24801;
"2026-03-04 19:00:00";25308;
"2026-03-04 20:00:00";25356;
"2026-03-04 21:00:00";25089;
"2026-03-04 22:00:00";23602;
"2026-03-04 23:00:00";21768;
"2026-03-05 00:00:00";20825;22078
"2026-03-05 01:00:00";21639;
"2026-03-05 02:00:00";22360;
"2026-03-05 03:00:00";22312;
"2026-03-05 04:00:00";21073;
"2026-03-05 05:00:00";20401;
"2026-03-05 06:00:00";18324;
"2026-03-05 07:00:00";17316;
"2026-03-05 08:00:00";17168;
"2026-03-05 09:00:00";17482;
"2026-03-05 10:00:00";18811;
"2026-03-05 11:00:00";21921;
"2026-03-05 12:00:00";25232;
"2026-03-05 13:00:00";28395;
"2026-03-05 14:00:00";29080;
"2026-03-05 15:00:00";28622;
"2026-03-05 16:00:00";25972;
"2026-03-05 17:00:00";24368;
"2026-03-05 18:00:00";24571;
"2026-03-05 19:00:00";24978;
"2026-03-05 20:00:00";24904;
"2026-03-05 21:00:00";24585;
"2026-03-05 22:00:00";23235;
"2026-03-05 23:00:00";21430;
"2026-03-06 00:00:00";20228;23201
"2026-03-06 01:00:00";21169;
"2026-03-06 02:00:00";21897;
"2026-03-06 03:00:00";21887;
"2026-03-06 04:00:00";21079;
"2026-03-06 05:00:00";20462;
"2026-03-06 06:00:00";18716;
"2026-03-06 07:00:00";17486;
"2026-03-06 08:00:00";17467;
"2026-03-06 09:00:00";17890;
"2026-03-06 10:00:00";19403;
"2026-03-06 11:00:00";22345;
"2026-03-06 12:00:00";25975;
"2026-03-06 13:00:00";29267;
"2026-03-06 14:00:00";30766;
"2026-03-06 15:00:00";30684;
"2026-03-06 16:00:00";29084;
"2026-03-06 17:00:00";27257;
"2026-03-06 18:00:00";26354;
"2026-03-06 19:00:00";26471;
"2026-03-06 20:00:00";27045;
"2026-03-06 21:00:00";26907;
"2026-03-06 22:00:00";26365;
"2026-03-06 23:00:00";24776;
"2026-03-07 00:00:00";23290;29621
"2026-03-07 01:00:00";24599;
"2026-03-07 02:00:00";26721;
"2026-03-07 03:00:00";27227;
"2026-03-07 04:00:00";27200;
"2026-03-07 05:00:00";27116;
"2026-03-07 06:00:00";26727;
"2026-03-07 07:00:00";26294;
"2026-03-07 08:00:00";26388;
"2026-03-07 09:00:00";26276;
"2026-03-07 10:00:00";26652;
"2026-03-07 11:00:00";29172;
"2026-03-07 12:00:00";32996;
"2026-03-07 13:00:00";36232;
"2026-03-07 14:00:00";37462;
"2026-03-07 15:00:00";37485;
"2026-03-07 16:00:00";36099;
"2026-03-07 17:00:00";34168;
"2026-03-07 18:00:00";32718;
"2026-03-07 19:00:00";32510;
"2026-03-07 20:00:00";32624;
"2026-03-07 21:00:00";32695;
"2026-03-07 22:00:00";31872;
"2026-03-07 23:00:00";29973;
"2026-03-08 00:00:00";27782;31159
"2026-03-08 01:00:00";27726;
"2026-03-08 02:00:00";29604;
"2026-03-08 03:00:00";29709;
"2026-03-08 04:00:00";29454;
"2026-03-08 05:00:00";29423;
"2026-03-08 06:00:00";29444;
"2026-03-08 07:00:00";29095;
"2026-03-08 08:00:00";28684;
"2026-03-08 09:00:00";28308;
"2026-03-08 10:00:00";28365;
"2026-03-08 11:00:00";30750;
"2026-03-08 12:00:00";34519;
"2026-03-08 13:00:00";37942;
"2026-03-08 14:00:00";38636;
"2026-03-08 15:00:00";38118;
"2026-03-08 16:00:00";35271;
"2026-03-08 17:00:00";33622;
"2026-03-08 18:00:00";34015;
"2026-03-08 19:00:00";34582;
"2026-03-08 20:00:00";34687;
"2026-03-08 21:00:00";33881;
"2026-03-08 22:00:00";31221;
"2026-03-08 23:00:00";28224;
"2026-03-09 00:00:00";26255;22990
"2026-03-09 01:00:00";25058;
"2026-03-09 02:00:00";24406;
"2026-03-09 03:00:00";23243;
"2026-03-09 04:00:00";20938;
"2026-03-09 05:00:00";19967;
"2026-03-09 06:00:00";17622;
"2026-03-09 07:00:00";16232;
"2026-03-09 08:00:00";16912;
"2026-03-09 09:00:00";17683;
"2026-03-09 10:00:00";19268;
"2026-03-09 11:00:00";22195;
"2026-03-09 12:00:00";26232;
"2026-03-09 13:00:00";29433;
"2026-03-09 14:00:00";29980;
"2026-03-09 15:00:00";29474;
"2026-03-09 16:00:00";26548;
"2026-03-09 17:00:00";25150;
"2026-03-09 18:00:00";25759;
"2026-03-09 19:00:00";26615;
"2026-03-09 20:00:00";26659;
"2026-03-09 21:00:00";26301;
"2026-03-09 22:00:00";24598;
"2026-03-09 23:00:00";22966;
"2026-03-10 00:00:00";22461;21889
"2026-03-10 01:00:00";22544;
"2026-03-10 02:00:00";22553;
"2026-03-10 03:00:00";22135;
"2026-03-10 04:00:00";20424;
"2026-03-10 05:00:00";19341;
"2026-03-10 06:00:00";16910;
"2026-03-10 07:00:00";15498;
"2026-03-10 08:00:00";16198;
"2026-03-10 09:00:00";17004;
"2026-03-10 10:00:00";18150;
"2026-03-10 11:00:00";20970;
"2026-03-10 12:00:00";24859;
"2026-03-10 13:00:00";28514;
"2026-03-10 14:00:00";29228;
"2026-03-10 15:00:00";28773;
"2026-03-10 16:00:00";25635;
"2026-03-10 17:00:00";24351;
"2026-03-10 18:00:00";24561;
"2026-03-10 19:00:00";25703;
"2026-03-10 20:00:00";25805;
"2026-03-10 21:00:00";25399;
"2026-03-10 22:00:00";23927;
"2026-03-10 23:00:00";22014;
"2026-03-11 00:00:00";22083;22200
"2026-03-11 01:00:00";22062;
"2026-03-11 02:00:00";22010;
"2026-03-11 03:00:00";21563;
"2026-03-11 04:00:00";19804;
"2026-03-11 05:00:00";19457;
"2026-03-11 06:00:00";17136;
"2026-03-11 07:00:00";15775;
"2026-03-11 08:00:00";16262;
"2026-03-11 09:00:00";16966;
"2026-03-11 10:00:00";18301;
"2026-03-11 11:00:00";21281;
"2026-03-11 12:00:00";25353;
"2026-03-11 13:00:00";28790;
"2026-03-11 14:00:00";29776;
"2026-03-11 15:00:00";29233;
"2026-03-11 16:00:00";26379;
"2026-03-11 17:00:00";24993;
"2026-03-11 18:00:00";25369;
"2026-03-11 19:00:00";26384;
"2026-03-11 20:00:00";26289;
"2026-03-11 21:00:00";25946;
"2026-03-11 22:00:00";24344;
"2026-03-11 23:00:00";22813;
"2026-03-12 00:00:00";22250;22029
"2026-03-12 01:00:00";22362;
"2026-03-12 02:00:00";22232;
"2026-03-12 03:00:00";21752;
"2026-03-12 04:00:00";20015;
"2026-03-12 05:00:00";19067;
"2026-03-12 06:00:00";16881;
"2026-03-12 07:00:00";15567;
"2026-03-12 08:00:00";16082;
"2026-03-12 09:00:00";16792;
"2026-03-12 10:00:00";18203;
"2026-03-12 11:00:00";21181;
"2026-03-12 12:00:00";25005;
"2026-03-12 13:00:00";28433;
"2026-03-12 14:00:00";29189;
"2026-03-12 15:00:00";28700;
"2026-03-12 16:00:00";26178;
"2026-03-12 17:00:00";24682;
"2026-03-12 18:00:00";24872;
"2026-03-12 19:00:00";25791;
"2026-03-12 20:00:00";25894;
"2026-03-12 21:00:00";25563;
"2026-03-12 22:00:00";24314;
"2026-03-12 23:00:00";22831;
"2026-03-13 00:00:00";22001;23716
"2026-03-13 01:00:00";22098;
"2026-03-13 02:00:00";22163;
"2026-03-13 03:00:00";21946;
"2026-03-13 04:00:00";20402;
"2026-03-13 05:00:00";19527;
"2026-03-13 06:00:00";17624;
"2026-03-13 07:00:00";16345;
"2026-03-13 08:00:00";17161;
"2026-03-13 09:00:00";18014;
"2026-03-13 10:00:00";19477;
"2026-03-13 11:00:00";22590;
"2026-03-13 12:00:00";26718;
"2026-03-13 13:00:00";30514;
"2026-03-13 14:00:00";32454;
"2026-03-13 15:00:00";32365;
"2026-03-13 16:00:00";30389;
"2026-03-13 17:00:00";28152;
"2026-03-13 18:00:00";26941;
"2026-03-13 19:00:00";27551;
"2026-03-13 20:00:00";28176;
"2026-03-13 21:00:00";28220;
"2026-03-13 22:00:00";27794;
"2026-03-13 23:00:00";26564;
"2026-03-14 00:00:00";25188;30610
"2026-03-14 01:00:00";26363;
"2026-03-14 02:00:00";27793;
"2026-03-14 03:00:00";27813;
"2026-03-14 04:00:00";27436;
"2026-03-14 05:00:00";26701;
"2026-03-14 06:00:00";26084;
"2026-03-14 07:00:00";25526;
"2026-03-14 08:00:00";25674;
"2026-03-14 09:00:00";26187;
"2026-03-14 10:00:00";27642;
"2026-03-14 11:00:00";30543;
"2026-03-14 12:00:00";34638;
"2026-03-14 13:00:00";38324;
"2026-03-14 14:00:00";39907;
"2026-03-14 15:00:00";39828;
"2026-03-14 16:00:00";38293;
"2026-03-14 17:00:00";36310;
"2026-03-14 18:00:00";34410;
"2026-03-14 19:00:00";33727;
"2026-03-14 20:00:00";34021;
"2026-03-14 21:00:00";33739;
"2026-03-14 22:00:00";32824;
"2026-03-14 23:00:00";30861;
"2026-03-15 00:00:00";28924;32486
"2026-03-15 01:00:00";28930;
"2026-03-15 02:00:00";30193;
"2026-03-15 03:00:00";30216;
"2026-03-15 04:00:00";29731;
"2026-03-15 05:00:00";29512;
"2026-03-15 06:00:00";29006;
"2026-03-15 07:00:00";28466;
"2026-03-15 08:00:00";28549;
"2026-03-15 09:00:00";28752;
"2026-03-15 10:00:00";29857;
"2026-03-15 11:00:00";32848;
"2026-03-15 12:00:00";36906;
"2026-03-15 13:00:00";40547;
"2026-03-15 14:00:00";41308;
"2026-03-15 15:00:00";40605;
"2026-03-15 16:00:00";38086;
"2026-03-15 17:00:00";36548;
"2026-03-15 18:00:00";36232;
"2026-03-15 19:00:00";36642;
"2026-03-15 20:00:00";36684;
"2026-03-15 21:00:00";35661;
"2026-03-15 22:00:00";32870;
"2026-03-15 23:00:00";29566;
"2026-03-16 00:00:00";27039;24063
"2026-03-16 01:00:00";25858;
"2026-03-16 02:00:00";25086;
"2026-03-16 03:00:00";23819;
"2026-03-16 04:00:00";21535;
"2026-03-16 05:00:00";20496;
"2026-03-16 06:00:00";17772;
"2026-03-16 07:00:00";16310;
"2026-03-16 08:00:00";17147;
"2026-03-16 09:00:00";17876;
"2026-03-16 10:00:00";19768;
"2026-03-16 11:00:00";22876;
"2026-03-16 12:00:00";27025;
"2026-03-16 13:00:00";30088;
"2026-03-16 14:00:00";30811;
"2026-03-16 15:00:00";30472;
"2026-03-16 16:00:00";27888;
"2026-03-16 17:00:00";27058;
"2026-03-16 18:00:00";27914;
"2026-03-16 19:00:00";29214;
"2026-03-16 20:00:00";29258;
"2026-03-16 21:00:00";28744;
"2026-03-16 22:00:00";26857;
"2026-03-16 23:00:00";25153;
"2026-03-17 00:00:00";24046;23174
"2026-03-17 01:00:00";23992;
"2026-03-17 02:00:00";23788;
"2026-03-17 03:00:00";23026;
"2026-03-17 04:00:00";21065;
"2026-03-17 05:00:00";20108;
"2026-03-17 06:00:00";17675;
"2026-03-17 07:00:00";16379;
"2026-03-17 08:00:00";17393;
"2026-03-17 09:00:00";18016;
"2026-03-17 10:00:00";19566;
"2026-03-17 11:00:00";22373;
"2026-03-17 12:00:00";26548;
"2026-03-17 13:00:00";29994;
"2026-03-17 14:00:00";30793;
"2026-03-17 15:00:00";30427;
"2026-03-17 16:00:00";27380;
"2026-03-17 17:00:00";25838;
"2026-03-17 18:00:00";26448;
"2026-03-17 19:00:00";27059;
"2026-03-17 20:00:00";27010;
"2026-03-17 21:00:00";26648;
"2026-03-17 22:00:00";23469;
"2026-03-17 23:00:00";23215;
"2026-03-18 00:00:00";22668;22556
"2026-03-18 01:00:00";22684;
"2026-03-18 02:00:00";22429;
"2026-03-18 03:00:00";21912;
"2026-03-18 04:00:00";20321;
"2026-03-18 05:00:00";19771;
"2026-03-18 06:00:00";17632;
"2026-03-18 07:00:00";16489;
"2026-03-18 08:00:00";17127;
"2026-03-18 09:00:00";17906;
"2026-03-18 10:00:00";19347;
"2026-03-18 11:00:00";22364;
"2026-03-18 12:00:00";26378;
"2026-03-18 13:00:00";29627;
"2026-03-18 14:00:00";30412;
"2026-03-18 15:00:00";29953;
"2026-03-18 16:00:00";26912;
"2026-03-18 17:00:00";25157;
"2026-03-18 18:00:00";25401;
"2026-03-18 19:00:00";25626;
"2026-03-18 20:00:00";25614;
"2026-03-18 21:00:00";25347;
"2026-03-18 22:00:00";23692;
"2026-03-18 23:00:00";22128;
"2026-03-19 00:00:00";21732;22329
"2026-03-19 01:00:00";22024;
"2026-03-19 02:00:00";21980;
"2026-03-19 03:00:00";21550;
"2026-03-19 04:00:00";20083;
"2026-03-19 05:00:00";19302;
"2026-03-19 06:00:00";17261;
"2026-03-19 07:00:00";15968;
"2026-03-19 08:00:00";16830;
"2026-03-19 09:00:00";17470;
"2026-03-19 10:00:00";18870;
"2026-03-19 11:00:00";21829;
"2026-03-19 12:00:00";25465;
"2026-03-19 13:00:00";28864;
"2026-03-19 14:00:00";29663;
"2026-03-19 15:00:00";29169;
"2026-03-19 16:00:00";26826;
"2026-03-19 17:00:00";25063;
"2026-03-19 18:00:00";25202;
"2026-03-19 19:00:00";26295;
"2026-03-19 20:00:00";26475;
"2026-03-19 21:00:00";26295;
"2026-03-19 22:00:00";24653;
"2026-03-19 23:00:00";23057;
"2026-03-20 00:00:00";22259;26202
"2026-03-20 01:00:00";22814;
"2026-03-20 02:00:00";22990;
"2026-03-20 03:00:00";22729;
"2026-03-20 04:00:00";21826;
"2026-03-20 05:00:00";21714;
"2026-03-20 06:00:00";20073;
"2026-03-20 07:00:00";19629;
"2026-03-20 08:00:00";21063;
"2026-03-20 09:00:00";22105;
"2026-03-20 10:00:00";23732;
"2026-03-20 11:00:00";27171;
"2026-03-20 12:00:00";31652;
"2026-03-20 13:00:00";35289;
"2026-03-20 14:00:00";36649;
"2026-03-20 15:00:00";36433;
"2026-03-20 16:00:00";34125;
"2026-03-20 17:00:00";30977;
"2026-03-20 18:00:00";29474;
"2026-03-20 19:00:00";28768;
"2026-03-20 20:00:00";29325;
"2026-03-20 21:00:00";29317;
"2026-03-20 22:00:00";28875;
"2026-03-20 23:00:00";27012;
"2026-03-21 00:00:00";26401;34475
"2026-03-21 01:00:00";28201;
"2026-03-21 02:00:00";30208;
"2026-03-21 03:00:00";30490;
"2026-03-21 04:00:00";30476;
"2026-03-21 05:00:00";30803;
"2026-03-21 06:00:00";30690;
"2026-03-21 07:00:00";30698;
"2026-03-21 08:00:00";31546;
"2026-03-21 09:00:00";31925;
"2026-03-21 10:00:00";32936;
"2026-03-21 11:00:00";36240;
"2026-03-21 12:00:00";40719;
"2026-03-21 13:00:00";44602;
"2026-03-21 14:00:00";46371;
"2026-03-21 15:00:00";46238;
"2026-03-21 16:00:00";43993;
"2026-03-21 17:00:00";40743;
"2026-03-21 18:00:00";37860;
"2026-03-21 19:00:00";36540;
"2026-03-21 20:00:00";35921;
"2026-03-21 21:00:00";35683;
"2026-03-21 22:00:00";34350;
"2026-03-21 23:00:00";32205;
"2026-03-22 00:00:00";30272;37186
"2026-03-22 01:00:00";31858;
"2026-03-22 02:00:00";34036;
"2026-03-22 03:00:00";34462;
"2026-03-22 04:00:00";34616;
"2026-03-22 05:00:00";35061;
"2026-03-22 06:00:00";35029;
"2026-03-22 07:00:00";34899;
"2026-03-22 08:00:00";35527;
"2026-03-22 09:00:00";35652;
"2026-03-22 10:00:00";35925;
"2026-03-22 11:00:00";38921;
"2026-03-22 12:00:00";44415;
"2026-03-22 13:00:00";48109;
"2026-03-22 14:00:00";49013;
"2026-03-22 15:00:00";48198;
"2026-03-22 16:00:00";43676;
"2026-03-22 17:00:00";40707;
"2026-03-22 18:00:00";39608;
"2026-03-22 19:00:00";39296;
"2026-03-22 20:00:00";39256;
"2026-03-22 21:00:00";37537;
"2026-03-22 22:00:00";34422;
"2026-03-22 23:00:00";31056;
"2026-03-23 00:00:00";28899;28209
"2026-03-23 01:00:00";27935;
"2026-03-23 02:00:00";27043;
"2026-03-23 03:00:00";26440;
"2026-03-23 04:00:00";24974;
"2026-03-23 05:00:00";24847;
"2026-03-23 06:00:00";21426;
"2026-03-23 07:00:00";20343;
"2026-03-23 08:00:00";22163;
"2026-03-23 09:00:00";23627;
"2026-03-23 10:00:00";25413;
"2026-03-23 11:00:00";29281;
"2026-03-23 12:00:00";34676;
"2026-03-23 13:00:00";39203;
"2026-03-23 14:00:00";40019;
"2026-03-23 15:00:00";38731;
"2026-03-23 16:00:00";33840;
"2026-03-23 17:00:00";30842;
"2026-03-23 18:00:00";30840;
"2026-03-23 19:00:00";31266;
"2026-03-23 20:00:00";31269;
"2026-03-23 21:00:00";30827;
"2026-03-23 22:00:00";28643;
"2026-03-23 23:00:00";26603;
"2026-03-24 00:00:00";26205;28295
"2026-03-24 01:00:00";26328;
"2026-03-24 02:00:00";26307;
"2026-03-24 03:00:00";26009;
"2026-03-24 04:00:00";24944;
"2026-03-24 05:00:00";24809;
"2026-03-24 06:00:00";21894;
"2026-03-24 07:00:00";20894;
"2026-03-24 08:00:00";22554;
"2026-03-24 09:00:00";23999;
"2026-03-24 10:00:00";26292;
"2026-03-24 11:00:00";30011;
"2026-03-24 12:00:00";35386;
"2026-03-24 13:00:00";40164;
"2026-03-24 14:00:00";41346;
"2026-03-24 15:00:00";39867;
"2026-03-24 15:10:00";38539;
"2026-03-24 15:20:00";37776;
"2026-03-24 15:30:00";37021;
"2026-03-24 15:40:00";36012;
"2026-03-24 15:50:00";35204;
"2026-03-24 16:00:00";34350;
"2026-03-24 16:10:00";33306;
"2026-03-24 16:20:00";32537;
"2026-03-24 16:30:00";32053;
"2026-03-24 16:40:00";31712;
"2026-03-24 16:50:00";31444;
"2026-03-24 17:00:00";31235;
"2026-03-24 17:10:00";30978;
"2026-03-24 17:20:00";30813;
"2026-03-24 17:30:00";30595;
"2026-03-24 17:40:00";30613;
"2026-03-24 17:50:00";30630;
"2026-03-24 18:00:00";30533;
"2026-03-24 18:10:00";30643;
"2026-03-24 18:20:00";30655;
"2026-03-24 18:30:00";30631;
"2026-03-24 18:40:00";30577;
"2026-03-24 18:50:00";30626;
"2026-03-24 19:00:00";30535;
"2026-03-24 19:10:00";30418;
"2026-03-24 19:20:00";30507;
"2026-03-24 19:30:00";30655;
"2026-03-24 19:40:00";30788;
"2026-03-24 19:50:00";30930;
"2026-03-24 20:00:00";31009;
"2026-03-24 20:10:00";31077;
"2026-03-24 20:20:00";31080;
"2026-03-24 20:30:00";31057;
"2026-03-24 20:40:00";30999;
"2026-03-24 20:50:00";30869;
"2026-03-24 21:00:00";30531;
"2026-03-24 21:10:00";30042;
"2026-03-24 21:20:00";29777;
"2026-03-24 21:30:00";29493;
"2026-03-24 21:40:00";29133;
"2026-03-24 21:50:00";28845;
"2026-03-24 22:00:00";28433;
"2026-03-24 22:10:00";27955;
"2026-03-24 22:20:00";27658;
"2026-03-24 22:30:00";26970;
"2026-03-24 22:40:00";26989;
"2026-03-24 22:50:00";26749;
"2026-03-24 23:00:00";26627;
"2026-03-24 23:10:00";26256;
"2026-03-24 23:20:00";26130;
"2026-03-24 23:30:00";25970;
"2026-03-24 23:40:00";25779;
"2026-03-24 23:50:00";25793;
"2026-03-25 00:00:00";25624;28004
"2026-03-25 00:10:00";25520;
"2026-03-25 00:20:00";25437;
"2026-03-25 00:30:00";25532;
"2026-03-25 00:40:00";25640;
"2026-03-25 00:50:00";25598;
"2026-03-25 01:00:00";25668;
"2026-03-25 01:10:00";25688;
"2026-03-25 01:20:00";25757;
"2026-03-25 01:30:00";25806;
"2026-03-25 01:40:00";25946;
"2026-03-25 01:50:00";25988;
"2026-03-25 02:00:00";25954;
"2026-03-25 02:10:00";25949;
"2026-03-25 02:20:00";26116;
"2026-03-25 02:30:00";26097;
"2026-03-25 02:40:00";26035;
"2026-03-25 02:50:00";25910;
"2026-03-25 03:00:00";25789;
"2026-03-25 03:10:00";25459;
"2026-03-25 03:20:00";25161;
"2026-03-25 03:30:00";24924;
"2026-03-25 03:40:00";24698;
"2026-03-25 03:50:00";24603;
"2026-03-25 04:00:00";24339;
"2026-03-25 04:10:00";24361;
"2026-03-25 04:20:00";24527;
"2026-03-25 04:30:00";24696;
"2026-03-25 04:40:00";24873;
"2026-03-25 04:50:00";24893;
"2026-03-25 05:00:00";24869;
"2026-03-25 05:10:00";24500;
"2026-03-25 05:20:00";24057;
"2026-03-25 05:30:00";23636;
"2026-03-25 05:40:00";22975;
"2026-03-25 05:50:00";22438;
"2026-03-25 06:00:00";22125;
"2026-03-25 06:10:00";21637;
"2026-03-25 06:20:00";21334;
"2026-03-25 06:30:00";21171;
"2026-03-25 06:40:00";21067;
"2026-03-25 06:50:00";20972;
"2026-03-25 07:00:00";20950;
"2026-03-25 07:10:00";20868;
"2026-03-25 07:20:00";20884;
"2026-03-25 07:30:00";20803;
"2026-03-25 07:40:00";20820;
"2026-03-25 07:50:00";20970;
"2026-03-25 08:00:00";21154;
"2026-03-25 08:10:00";21461;
"2026-03-25 08:20:00";21774;
"2026-03-25 08:30:00";22129;
"2026-03-25 08:40:00";22416;
"2026-03-25 08:50:00";22680;
"2026-03-25 09:00:00";22870;
"2026-03-25 09:10:00";23036;
"2026-03-25 09:20:00";23156;
"2026-03-25 09:30:00";23353;
"2026-03-25 09:40:00";23617;
"2026-03-25 09:50:00";23890;
"2026-03-25 10:00:00";23997;
"2026-03-25 10:10:00";24128;
"2026-03-25 10:20:00";24505;
"2026-03-25 10:30:00";24826;
"2026-03-25 10:40:00";25106;
"2026-03-25 10:50:00";25470;
"2026-03-25 11:00:00";25991;
"2026-03-25 11:10:00";26554;
"2026-03-25 11:20:00";27345;
"2026-03-25 11:30:00";28187;
"2026-03-25 11:40:00";28981;
"2026-03-25 11:50:00";29863;
"2026-03-25 12:00:00";30667;
"2026-03-25 12:10:00";31605;
"2026-03-25 12:20:00";32639;
"2026-03-25 12:30:00";33675;
"2026-03-25 12:40:00";34457;
"2026-03-25 12:50:00";35469;
"2026-03-25 13:00:00";36406;
"2026-03-25 13:10:00";37299;
"2026-03-25 13:20:00";38286;
"2026-03-25 13:30:00";39030;
"2026-03-25 13:40:00";39781;
"2026-03-25 13:50:00";40322;
"2026-03-25 14:00:00";40696;
"2026-03-25 14:10:00";40940;
"2026-03-25 14:20:00";41087;
"2026-03-25 14:30:00";41133;
"2026-03-25 14:40:00";41085;
"2026-03-25 14:50:00";40785;
"2026-03-25 15:00:00";39943;
"2026-03-25 15:10:00";38651;
"2026-03-25 15:20:00";38028;
"2026-03-25 15:30:00";37120;
"2026-03-25 15:40:00";36239;
"2026-03-25 15:50:00";35640;
"2026-03-25 16:00:00";34672;
"2026-03-25 16:10:00";33599;
"2026-03-25 16:20:00";32825;
"2026-03-25 16:30:00";32197;
"2026-03-25 16:40:00";31769;
"2026-03-25 16:50:00";31389;
"2026-03-25 17:00:00";30970;
"2026-03-25 17:10:00";30707;
"2026-03-25 17:20:00";30483;
"2026-03-25 17:30:00";30283;
"2026-03-25 17:40:00";30318;
"2026-03-25 17:50:00";30392;
"2026-03-25 18:00:00";30254;
"2026-03-25 18:10:00";30081;
"2026-03-25 18:20:00";30124;
"2026-03-25 18:30:00";30227;
"2026-03-25 18:40:00";30295;
"2026-03-25 18:50:00";30320;
"2026-03-25 19:00:00";30367;
"2026-03-25 19:10:00";30371;
"2026-03-25 19:20:00";30057;
"2026-03-25 19:30:00";29866;
"2026-03-25 19:40:00";29940;
"2026-03-25 19:50:00";29994;
"2026-03-25 20:00:00";29863;
"2026-03-25 20:10:00";29693;
"2026-03-25 20:20:00";29548;
"2026-03-25 20:30:00";29385;
"2026-03-25 20:40:00";29251;
"2026-03-25 20:50:00";29065;
"2026-03-25 21:00:00";28890;
"2026-03-25 21:10:00";28505;
"2026-03-25 21:20:00";28141;
"2026-03-25 21:30:00";28082;
"2026-03-25 21:40:00";27910;
"2026-03-25 21:50:00";27792;
"2026-03-25 22:00:00";27429;
"2026-03-25 22:10:00";27069;
"2026-03-25 22:20:00";26882;
"2026-03-25 22:30:00";26460;
"2026-03-25 22:40:00";26090;
"2026-03-25 22:50:00";25888;
"2026-03-25 23:00:00";25506;
"2026-03-25 23:10:00";25227;
"2026-03-25 23:20:00";25205;
"2026-03-25 23:30:00";25003;
"2026-03-25 23:40:00";25069;
"2026-03-25 23:50:00";24989;
"2026-03-26 00:00:00";24918;27551
"2026-03-26 00:10:00";25011;
"2026-03-26 00:20:00";25206;
"2026-03-26 00:30:00";25218;
"2026-03-26 00:40:00";25329;
"2026-03-26 00:50:00";25436;
"2026-03-26 01:00:00";25466;
"2026-03-26 01:10:00";25559;
"2026-03-26 01:20:00";25774;
"2026-03-26 01:30:00";25815;
"2026-03-26 01:40:00";25812;
"2026-03-26 01:50:00";25797;
"2026-03-26 02:00:00";25799;
"2026-03-26 02:10:00";25643;
"2026-03-26 02:20:00";25828;
"2026-03-26 02:30:00";25862;
"2026-03-26 02:40:00";25938;
"2026-03-26 02:50:00";25864;
"2026-03-26 03:00:00";25542;
"2026-03-26 03:10:00";25291;
"2026-03-26 03:20:00";25029;
"2026-03-26 03:30:00";24693;
"2026-03-26 03:40:00";24373;
"2026-03-26 03:50:00";24200;
"2026-03-26 04:00:00";24092;
"2026-03-26 04:10:00";24090;
"2026-03-26 04:20:00";24242;
"2026-03-26 04:30:00";24386;
"2026-03-26 04:40:00";24614;
"2026-03-26 04:50:00";24490;
"2026-03-26 05:00:00";24302;
"2026-03-26 05:10:00";23791;
"2026-03-26 05:20:00";23402;
"2026-03-26 05:30:00";22886;
"2026-03-26 05:40:00";22165;
"2026-03-26 05:50:00";21674;
"2026-03-26 06:00:00";21291;
"2026-03-26 06:10:00";20960;
"2026-03-26 06:20:00";20632;
"2026-03-26 06:30:00";20453;
"2026-03-26 06:40:00";19756;
"2026-03-26 06:50:00";19140;
"2026-03-26 07:00:00";18210;
"2026-03-26 07:10:00";16371;
"2026-03-26 07:20:00";16839;
"2026-03-26 07:30:00";17236;
"2026-03-26 07:40:00";17599;
"2026-03-26 07:50:00";17963;
"2026-03-26 08:00:00";18383;
"2026-03-26 08:10:00";18603;
"2026-03-26 08:20:00";19292;
"2026-03-26 08:30:00";19574;
"2026-03-26 08:40:00";19926;
"2026-03-26 08:50:00";20224;
"2026-03-26 09:00:00";20469;
"2026-03-26 09:10:00";21057;
"2026-03-26 09:20:00";21572;
"2026-03-26 09:30:00";21930;
"2026-03-26 09:40:00";22224;
"2026-03-26 09:50:00";22610;
"2026-03-26 10:00:00";22982;
"2026-03-26 10:10:00";23348;
"2026-03-26 10:20:00";23808;
"2026-03-26 10:30:00";24186;
"2026-03-26 10:40:00";24677;
"2026-03-26 10:50:00";25178;
"2026-03-26 11:00:00";25721;
"2026-03-26 11:10:00";26248;
"2026-03-26 11:20:00";26714;
"2026-03-26 11:30:00";27543;
"2026-03-26 11:40:00";28265;
"2026-03-26 11:50:00";29063;
"2026-03-26 12:00:00";29906;
"2026-03-26 12:10:00";30812;
"2026-03-26 12:20:00";31806;
"2026-03-26 12:30:00";32603;
"2026-03-26 12:40:00";33609;
"2026-03-26 12:50:00";34583;
"2026-03-26 13:00:00";35478;
"2026-03-26 13:10:00";36283;
"2026-03-26 13:20:00";37120;
"2026-03-26 13:30:00";37892;
"2026-03-26 13:40:00";38622;
"2026-03-26 13:50:00";39317;
"2026-03-26 14:00:00";39726;
"2026-03-26 14:10:00";39981;
"2026-03-26 14:20:00";40154;
"2026-03-26 14:30:00";40310;
"2026-03-26 14:40:00";40125;
"2026-03-26 14:50:00";40076;
"2026-03-26 15:00:00";39662;
"2026-03-26 15:10:00";38609;
"2026-03-26 15:20:00";37884;
"2026-03-26 15:30:00";37242;
"2026-03-26 15:40:00";36285;
"2026-03-26 15:50:00";35684;
"2026-03-26 16:00:00";35092;
"2026-03-26 16:10:00";33965;
"2026-03-26 16:20:00";33298;
"2026-03-26 16:30:00";32840;
"2026-03-26 16:40:00";32311;
"2026-03-26 16:50:00";31875;
"2026-03-26 17:00:00";31592;
"2026-03-26 17:10:00";31267;
"2026-03-26 17:20:00";31047;
"2026-03-26 17:30:00";30957;
"2026-03-26 17:40:00";30911;
"2026-03-26 17:50:00";30813;
"2026-03-26 18:00:00";30712;
"2026-03-26 18:10:00";30572;
"2026-03-26 18:20:00";30417;
"2026-03-26 18:30:00";30517;
"2026-03-26 18:40:00";30529;
"2026-03-26 18:50:00";30524;
"2026-03-26 19:00:00";30583;
"2026-03-26 19:10:00";30604;
"2026-03-26 19:20:00";30584;
"2026-03-26 19:30:00";30635;
"2026-03-26 19:40:00";30658;
"2026-03-26 19:50:00";30573;
"2026-03-26 20:00:00";30613;
"2026-03-26 20:10:00";30435;
"2026-03-26 20:20:00";30421;
"2026-03-26 20:30:00";30249;
"2026-03-26 20:40:00";30138;
"2026-03-26 20:50:00";29728;
"2026-03-26 21:00:00";29617;
"2026-03-26 21:10:00";29307;
"2026-03-26 21:20:00";29045;
"2026-03-26 21:30:00";28889;
"2026-03-26 21:40:00";28607;
"2026-03-26 21:50:00";28477;
"2026-03-26 22:00:00";24201;
"2026-03-26 22:10:00";26109;
"2026-03-26 22:20:00";26960;
"2026-03-26 22:30:00";26767;
"2026-03-26 22:40:00";26595;
"2026-03-26 22:50:00";26493;
"2026-03-26 23:00:00";26426;
"2026-03-26 23:10:00";26192;
"2026-03-26 23:20:00";25829;
"2026-03-26 23:30:00";25650;
"2026-03-26 23:40:00";25418;
"2026-03-26 23:50:00";25343;
"2026-03-27 00:00:00";25222;29893
"2026-03-27 00:10:00";25033;
"2026-03-27 00:20:00";24987;
"2026-03-27 00:30:00";25144;
"2026-03-27 00:40:00";25338;
"2026-03-27 00:50:00";25495;
"2026-03-27 01:00:00";25495;
"2026-03-27 01:10:00";25612;
"2026-03-27 01:20:00";25738;
"2026-03-27 01:30:00";25699;
"2026-03-27 01:40:00";25733;
"2026-03-27 01:50:00";25814;
"2026-03-27 02:00:00";26044;
"2026-03-27 02:10:00";26036;
"2026-03-27 02:20:00";26278;
"2026-03-27 02:30:00";26345;
"2026-03-27 02:40:00";26380;
"2026-03-27 02:50:00";26398;
"2026-03-27 03:00:00";26262;
"2026-03-27 03:10:00";25974;
"2026-03-27 03:20:00";25651;
"2026-03-27 03:30:00";25394;
"2026-03-27 03:40:00";25144;
"2026-03-27 03:50:00";24925;
"2026-03-27 04:00:00";24678;
"2026-03-27 04:10:00";24667;
"2026-03-27 04:20:00";24749;
"2026-03-27 04:30:00";24838;
"2026-03-27 04:40:00";24909;
"2026-03-27 04:50:00";24991;
"2026-03-27 05:00:00";24830;
"2026-03-27 05:10:00";24477;
"2026-03-27 05:20:00";24240;
"2026-03-27 05:30:00";23874;
"2026-03-27 05:40:00";23071;
"2026-03-27 05:50:00";22976;
"2026-03-27 06:00:00";22559;
"2026-03-27 06:10:00";22067;
"2026-03-27 06:20:00";21848;
"2026-03-27 06:30:00";21703;
"2026-03-27 06:40:00";21649;
"2026-03-27 06:50:00";21455;
"2026-03-27 07:00:00";21402;
"2026-03-27 07:10:00";21179;
"2026-03-27 07:20:00";21199;
"2026-03-27 07:30:00";21271;
"2026-03-27 07:40:00";21512;
"2026-03-27 07:50:00";21643;
"2026-03-27 08:00:00";21794;
"2026-03-27 08:10:00";22106;
"2026-03-27 08:20:00";22454;
"2026-03-27 08:30:00";22712;
"2026-03-27 08:40:00";23036;
"2026-03-27 08:50:00";23106;
"2026-03-27 09:00:00";23321;
"2026-03-27 09:10:00";23614;
"2026-03-27 09:20:00";23838;
"2026-03-27 09:30:00";23999;
"2026-03-27 09:40:00";24402;
"2026-03-27 09:50:00";24625;
"2026-03-27 10:00:00";25007;
"2026-03-27 10:10:00";25217;
"2026-03-27 10:20:00";25580;
"2026-03-27 10:30:00";25911;
"2026-03-27 10:40:00";26232;
"2026-03-27 10:50:00";26854;
"2026-03-27 11:00:00";27316;
"2026-03-27 11:10:00";27987;
"2026-03-27 11:20:00";28540;
"2026-03-27 11:30:00";29228;
"2026-03-27 11:40:00";29984;
"2026-03-27 11:50:00";30830;
"2026-03-27 12:00:00";31478;
"2026-03-27 12:10:00";32354;
"2026-03-27 12:20:00";33177;
"2026-03-27 12:30:00";34082;
"2026-03-27 12:40:00";34984;
"2026-03-27 12:50:00";35812;
"2026-03-27 13:00:00";36525;
"2026-03-27 13:10:00";37498;
"2026-03-27 13:20:00";38451;
"2026-03-27 13:30:00";39290;
"2026-03-27 13:40:00";40207;
"2026-03-27 13:50:00";40951;
"2026-03-27 14:00:00";41592;
"2026-03-27 14:10:00";42097;
"2026-03-27 14:20:00";42504;
"2026-03-27 14:30:00";42675;
"2026-03-27 14:40:00";42914;
"2026-03-27 14:50:00";42858;
"2026-03-27 15:00:00";42762;
"2026-03-27 15:10:00";42342;
"2026-03-27 15:20:00";41986;
"2026-03-27 15:30:00";41584;
"2026-03-27 15:40:00";41151;
"2026-03-27 15:50:00";40540;
"2026-03-27 16:00:00";39961;
"2026-03-27 16:10:00";38959;
"2026-03-27 16:20:00";38410;
"2026-03-27 16:30:00";37775;
"2026-03-27 16:40:00";37240;
"2026-03-27 16:50:00";36751;
"2026-03-27 17:00:00";36354;
"2026-03-27 17:10:00";35670;
"2026-03-27 17:20:00";35375;
"2026-03-27 17:30:00";35122;
"2026-03-27 17:40:00";34639;
"2026-03-27 17:50:00";34384;
"2026-03-27 18:00:00";34179;
"2026-03-27 18:10:00";33809;
"2026-03-27 18:20:00";33427;
"2026-03-27 18:30:00";33291;
"2026-03-27 18:40:00";33086;
"2026-03-27 18:50:00";32996;
"2026-03-27 19:00:00";32876;
"2026-03-27 19:10:00";32818;
"2026-03-27 19:20:00";32767;
"2026-03-27 19:30:00";32680;
"2026-03-27 19:40:00";32571;
"2026-03-27 19:50:00";32492;
"2026-03-27 20:00:00";32396;
"2026-03-27 20:10:00";32486;
"2026-03-27 20:20:00";32637;
"2026-03-27 20:30:00";32710;
"2026-03-27 20:40:00";32804;
"2026-03-27 20:50:00";32759;
"2026-03-27 21:00:00";32702;
"2026-03-27 21:10:00";32673;
"2026-03-27 21:20:00";32616;
"2026-03-27 21:30:00";32479;
"2026-03-27 21:40:00";32441;
"2026-03-27 21:50:00";32357;
"2026-03-27 22:00:00";32315;
"2026-03-27 22:10:00";31962;
"2026-03-27 22:20:00";31713;
"2026-03-27 22:30:00";31631;
"2026-03-27 22:40:00";31244;
"2026-03-27 22:50:00";30985;
"2026-03-27 23:00:00";30651;
"2026-03-27 23:10:00";30298;
"2026-03-27 23:20:00";30006;
"2026-03-27 23:30:00";29758;
"2026-03-27 23:40:00";29435;
"2026-03-27 23:50:00";29255;
"2026-03-28 00:00:00";29052;37522
"2026-03-28 00:10:00";28865;
"2026-03-28 00:20:00";28804;
"2026-03-28 00:30:00";28839;
"2026-03-28 00:40:00";28929;
"2026-03-28 00:50:00";29228;
"2026-03-28 01:00:00";29379;
"2026-03-28 01:10:00";29612;
"2026-03-28 01:20:00";29839;
"2026-03-28 01:30:00";30094;
"2026-03-28 01:40:00";30404;
"2026-03-28 01:50:00";30717;
"2026-03-28 02:00:00";31024;
"2026-03-28 02:10:00";31445;
"2026-03-28 02:20:00";31895;
"2026-03-28 02:30:00";32359;
"2026-03-28 02:40:00";32538;
"2026-03-28 02:50:00";32768;
"2026-03-28 03:00:00";33019;
"2026-03-28 03:10:00";33083;
"2026-03-28 03:20:00";33134;
"2026-03-28 03:30:00";33210;
"2026-03-28 03:40:00";33202;
"2026-03-28 03:50:00";33113;
"2026-03-28 04:00:00";32956;
"2026-03-28 04:10:00";32971;
"2026-03-28 04:20:00";32991;
"2026-03-28 04:30:00";33016;
"2026-03-28 04:40:00";33167;
"2026-03-28 04:50:00";33206;
"2026-03-28 05:00:00";33202;
"2026-03-28 05:10:00";33224;
"2026-03-28 05:20:00";33116;
"2026-03-28 05:30:00";33093;
"2026-03-28 05:40:00";33080;
"2026-03-28 05:50:00";33025;
"2026-03-28 06:00:00";32813;
"2026-03-28 06:10:00";32651;
"2026-03-28 06:20:00";32595;
"2026-03-28 06:30:00";32489;
"2026-03-28 06:40:00";32469;
"2026-03-28 06:50:00";32413;
"2026-03-28 07:00:00";32366;
"2026-03-28 07:10:00";32176;
"2026-03-28 07:20:00";32149;
"2026-03-28 07:30:00";32337;
"2026-03-28 07:40:00";32430;
"2026-03-28 07:50:00";32609;
"2026-03-28 08:00:00";32664;
"2026-03-28 08:10:00";32776;
"2026-03-28 08:20:00";32932;
"2026-03-28 08:30:00";33136;
"2026-03-28 08:40:00";33348;
"2026-03-28 08:50:00";33473;
"2026-03-28 09:00:00";33580;
"2026-03-28 09:10:00";33674;
"2026-03-28 09:20:00";33775;
"2026-03-28 09:30:00";33917;
"2026-03-28 09:40:00";34003;
"2026-03-28 09:50:00";34098;
"2026-03-28 10:00:00";34081;
"2026-03-28 10:10:00";34318;
"2026-03-28 10:20:00";34520;
"2026-03-28 10:30:00";34728;
"2026-03-28 10:40:00";35001;
"2026-03-28 10:50:00";35387;
"2026-03-28 11:00:00";35973;
"2026-03-28 11:10:00";36370;
"2026-03-28 11:20:00";36982;
"2026-03-28 11:30:00";37687;
"2026-03-28 11:40:00";38352;
"2026-03-28 11:50:00";39153;
"2026-03-28 12:00:00";39925;
"2026-03-28 12:10:00";40657;
"2026-03-28 12:20:00";41618;
"2026-03-28 12:30:00";42576;
"2026-03-28 12:40:00";43491;
"2026-03-28 12:50:00";44276;
"2026-03-28 13:00:00";44954;
"2026-03-28 13:10:00";45830;
"2026-03-28 13:20:00";46603;
"2026-03-28 13:30:00";44809;
"2026-03-28 13:40:00";46506;
"2026-03-28 13:50:00";48819;
"2026-03-28 14:00:00";49492;
"2026-03-28 14:10:00";49930;
"2026-03-28 14:20:00";50349;
"2026-03-28 14:30:00";50647;
"2026-03-28 14:40:00";50893;
"2026-03-28 14:50:00";50981;
"2026-03-28 15:00:00";51016;
"2026-03-28 15:10:00";50628;
"2026-03-28 15:20:00";50370;
"2026-03-28 15:30:00";50001;
"2026-03-28 15:40:00";49460;
"2026-03-28 15:50:00";48982;
"2026-03-28 16:00:00";48562;
"2026-03-28 16:10:00";47476;
"2026-03-28 16:20:00";46870;
"2026-03-28 16:30:00";46242;
"2026-03-28 16:40:00";45502;
"2026-03-28 16:50:00";45001;
"2026-03-28 17:00:00";44511;
"2026-03-28 17:10:00";43792;
"2026-03-28 17:20:00";43272;
"2026-03-28 17:30:00";43003;
"2026-03-28 17:40:00";42555;
"2026-03-28 17:50:00";42236;
"2026-03-28 18:00:00";41911;
"2026-03-28 18:10:00";41536;
"2026-03-28 18:20:00";41201;
"2026-03-28 18:30:00";40840;
"2026-03-28 18:40:00";40413;
"2026-03-28 18:50:00";40213;
"2026-03-28 19:00:00";40165;
"2026-03-28 19:10:00";39931;
"2026-03-28 19:20:00";39707;
"2026-03-28 19:30:00";39596;
"2026-03-28 19:40:00";39588;
"2026-03-28 19:50:00";39740;
"2026-03-28 20:00:00";39728;
"2026-03-28 20:10:00";39759;
"2026-03-28 20:20:00";39607;
"2026-03-28 20:30:00";39542;
"2026-03-28 20:40:00";39401;
"2026-03-28 20:50:00";39409;
"2026-03-28 21:00:00";39181;
"2026-03-28 21:10:00";38953;
"2026-03-28 21:20:00";38759;
"2026-03-28 21:30:00";38405;
"2026-03-28 21:40:00";38114;
"2026-03-28 21:50:00";37898;
"2026-03-28 22:00:00";37515;
"2026-03-28 22:10:00";37265;
"2026-03-28 22:20:00";36620;
"2026-03-28 22:30:00";36316;
"2026-03-28 22:40:00";35883;
"2026-03-28 22:50:00";35580;
"2026-03-28 23:00:00";35216;
"2026-03-28 23:10:00";34744;
"2026-03-28 23:20:00";34325;
"2026-03-28 23:30:00";33968;
"2026-03-28 23:40:00";33674;
"2026-03-28 23:50:00";33323;
"2026-03-29 00:00:00";32977;39207
"2026-03-29 00:10:00";32608;
"2026-03-29 00:20:00";32297;
"2026-03-29 00:30:00";32215;
"2026-03-29 00:40:00";32190;
"2026-03-29 00:50:00";32205;
"2026-03-29 01:00:00";32274;
"2026-03-29 01:10:00";32397;
"2026-03-29 01:20:00";32470;
"2026-03-29 01:30:00";32647;
"2026-03-29 01:40:00";32913;
"2026-03-29 01:50:00";33334;
"2026-03-29 02:00:00";33592;
"2026-03-29 02:10:00";33957;
"2026-03-29 02:20:00";34443;
"2026-03-29 02:30:00";34744;
"2026-03-29 02:40:00";35103;
"2026-03-29 02:50:00";35521;
"2026-03-29 03:00:00";35895;
"2026-03-29 03:10:00";35900;
"2026-03-29 03:20:00";36154;
"2026-03-29 03:30:00";36151;
"2026-03-29 03:40:00";36188;
"2026-03-29 03:50:00";36204;
"2026-03-29 04:00:00";36044;
"2026-03-29 04:10:00";35731;
"2026-03-29 04:20:00";35524;
"2026-03-29 04:30:00";35616;
"2026-03-29 04:40:00";35759;
"2026-03-29 04:50:00";35809;
"2026-03-29 05:00:00";35848;
"2026-03-29 05:10:00";35895;
"2026-03-29 05:20:00";35839;
"2026-03-29 05:30:00";35894;
"2026-03-29 05:40:00";35878;
"2026-03-29 05:50:00";36046;
"2026-03-29 06:00:00";36118;
"2026-03-29 06:10:00";36115;
"2026-03-29 06:20:00";36072;
"2026-03-29 06:30:00";36081;
"2026-03-29 06:40:00";36118;
"2026-03-29 06:50:00";36102;
"2026-03-29 07:00:00";36143;
"2026-03-29 07:10:00";36232;
"2026-03-29 07:20:00";36318;
"2026-03-29 07:30:00";36438;
"2026-03-29 07:40:00";36572;
"2026-03-29 07:50:00";36502;
"2026-03-29 08:00:00";36754;
"2026-03-29 08:10:00";36869;
"2026-03-29 08:20:00";37062;
"2026-03-29 08:30:00";37176;
"2026-03-29 08:40:00";37246;
"2026-03-29 08:50:00";37379;
"2026-03-29 09:00:00";37405;
"2026-03-29 09:10:00";37414;
"2026-03-29 09:20:00";37461;
"2026-03-29 09:30:00";37532;
"2026-03-29 09:40:00";37586;
"2026-03-29 09:50:00";37685;
"2026-03-29 10:00:00";37543;
"2026-03-29 10:10:00";37451;
"2026-03-29 10:20:00";37507;
"2026-03-29 10:30:00";37443;
"2026-03-29 10:40:00";37452;
"2026-03-29 10:50:00";37677;
"2026-03-29 11:00:00";38112;
"2026-03-29 11:10:00";38638;
"2026-03-29 11:20:00";39261;
"2026-03-29 11:30:00";39941;
"2026-03-29 11:40:00";40772;
"2026-03-29 11:50:00";41683;
"2026-03-29 12:00:00";42497;
"2026-03-29 12:10:00";43364;
"2026-03-29 12:20:00";44260;
"2026-03-29 12:30:00";45199;
"2026-03-29 12:40:00";46084;
"2026-03-29 12:50:00";47038;
"2026-03-29 13:00:00";47818;
"2026-03-29 13:10:00";48612;
"2026-03-29 13:20:00";49507;
"2026-03-29 13:30:00";50207;
"2026-03-29 13:40:00";50814;
"2026-03-29 13:50:00";51334;
"2026-03-29 14:00:00";51764;
"2026-03-29 14:10:00";52143;
"2026-03-29 14:20:00";52478;
"2026-03-29 14:30:00";52657;
"2026-03-29 14:40:00";52571;
"2026-03-29 14:50:00";52373;
"2026-03-29 15:00:00";52080;
"2026-03-29 15:10:00";51062;
"2026-03-29 15:20:00";50423;
"2026-03-29 15:30:00";50067;
"2026-03-29 15:40:00";48926;
"2026-03-29 15:50:00";48304;
"2026-03-29 16:00:00";47551;
"2026-03-29 16:10:00";46541;
"2026-03-29 16:20:00";45711;
"2026-03-29 16:30:00";45134;
"2026-03-29 16:40:00";44669;
"2026-03-29 16:50:00";44226;
"2026-03-29 17:00:00";43988;
"2026-03-29 17:10:00";43475;
"2026-03-29 17:20:00";43282;
"2026-03-29 17:30:00";43039;
"2026-03-29 17:40:00";42694;
"2026-03-29 17:50:00";42521;
"2026-03-29 18:00:00";42620;
"2026-03-29 18:10:00";42405;
"2026-03-29 18:20:00";42102;
"2026-03-29 18:30:00";42074;
"2026-03-29 18:40:00";42103;
"2026-03-29 18:50:00";42024;
"2026-03-29 19:00:00";42014;
"2026-03-29 19:10:00";41851;
"2026-03-29 19:20:00";41845;
"2026-03-29 19:30:00";41760;
"2026-03-29 19:40:00";41590;
"2026-03-29 19:50:00";41519;
"2026-03-29 20:00:00";41383;
"2026-03-29 20:10:00";40951;
"2026-03-29 20:20:00";40566;
"2026-03-29 20:30:00";40242;
"2026-03-29 20:40:00";39818;
"2026-03-29 20:50:00";39319;
"2026-03-29 21:00:00";38704;
"2026-03-29 21:10:00";37998;
"2026-03-29 21:20:00";37329;
"2026-03-29 21:30:00";36543;
"2026-03-29 21:40:00";36106;
"2026-03-29 21:50:00";35611;
"2026-03-29 22:00:00";35040;
"2026-03-29 22:10:00";34305;
"2026-03-29 22:20:00";33649;
"2026-03-29 22:30:00";33071;
"2026-03-29 22:40:00";32690;
"2026-03-29 22:50:00";32207;
"2026-03-29 23:00:00";31739;
"2026-03-29 23:10:00";31185;
"2026-03-29 23:20:00";30742;
"2026-03-29 23:30:00";30441;
"2026-03-29 23:40:00";30109;
"2026-03-29 23:50:00";29989;
"2026-03-30 00:00:00";29657;29336
"2026-03-30 00:10:00";29395;
"2026-03-30 00:20:00";29229;
"2026-03-30 00:30:00";29104;
"2026-03-30 00:40:00";29066;
"2026-03-30 00:50:00";29095;
"2026-03-30 01:00:00";28821;
"2026-03-30 01:10:00";28700;
"2026-03-30 01:20:00";28683;
"2026-03-30 01:30:00";28605;
"2026-03-30 01:40:00";28490;
"2026-03-30 01:50:00";28395;
"2026-03-30 02:00:00";28335;
"2026-03-30 02:10:00";28043;
"2026-03-30 02:20:00";28006;
"2026-03-30 02:30:00";27920;
"2026-03-30 02:40:00";27778;
"2026-03-30 02:50:00";27571;
"2026-03-30 03:00:00";27309;
"2026-03-30 03:10:00";26897;
"2026-03-30 03:20:00";26391;
"2026-03-30 03:30:00";26046;
"2026-03-30 03:40:00";25768;
"2026-03-30 03:50:00";25598;
"2026-03-30 04:00:00";25194;
"2026-03-30 04:10:00";24975;
"2026-03-30 04:20:00";24933;
"2026-03-30 04:30:00";24968;
"2026-03-30 04:40:00";25167;
"2026-03-30 04:50:00";25175;
"2026-03-30 05:00:00";25013;
"2026-03-30 05:10:00";24555;
"2026-03-30 05:20:00";24104;
"2026-03-30 05:30:00";23645;
"2026-03-30 05:40:00";23024;
"2026-03-30 05:50:00";22330;
"2026-03-30 06:00:00";21951;
"2026-03-30 06:10:00";21459;
"2026-03-30 06:20:00";21129;
"2026-03-30 06:30:00";20914;
"2026-03-30 06:40:00";20743;
"2026-03-30 06:50:00";20691;
"2026-03-30 07:00:00";20576;
"2026-03-30 07:10:00";20529;
"2026-03-30 07:20:00";20564;
"2026-03-30 07:30:00";20668;
"2026-03-30 07:40:00";20694;
"2026-03-30 07:50:00";20876;
"2026-03-30 08:00:00";21192;
"2026-03-30 08:10:00";21446;
"2026-03-30 08:20:00";21693;
"2026-03-30 08:30:00";21776;
"2026-03-30 08:40:00";22252;
"2026-03-30 08:50:00";22594;
"2026-03-30 09:00:00";22891;
"2026-03-30 09:10:00";23118;
"2026-03-30 09:20:00";23402;
"2026-03-30 09:30:00";23677;
"2026-03-30 09:40:00";23985;
"2026-03-30 09:50:00";24153;
"2026-03-30 10:00:00";24478;
"2026-03-30 10:10:00";24906;
"2026-03-30 10:20:00";25324;
"2026-03-30 10:30:00";25729;
"2026-03-30 10:40:00";26089;
"2026-03-30 10:50:00";26565;
"2026-03-30 11:00:00";27058;
"2026-03-30 11:10:00";27655;
"2026-03-30 11:20:00";28395;
"2026-03-30 11:30:00";29140;
"2026-03-30 11:40:00";30044;
"2026-03-30 11:50:00";30892;
"2026-03-30 12:00:00";31729;
"2026-03-30 12:10:00";32578;
"2026-03-30 12:20:00";33553;
"2026-03-30 12:30:00";34453;
"2026-03-30 12:40:00";35483;
"2026-03-30 12:50:00";36536;
"2026-03-30 13:00:00";37242;
"2026-03-30 13:10:00";38391;
"2026-03-30 13:20:00";39266;
"2026-03-30 13:30:00";39850;
"2026-03-30 13:40:00";40729;
"2026-03-30 13:50:00";41576;
"2026-03-30 14:00:00";42070;
"2026-03-30 14:10:00";42367;
"2026-03-30 14:20:00";42560;
"2026-03-30 14:30:00";42602;
"2026-03-30 14:40:00";42349;
"2026-03-30 14:50:00";42244;
"2026-03-30 15:00:00";41885;
"2026-03-30 15:10:00";40659;
"2026-03-30 15:20:00";40080;
"2026-03-30 15:30:00";39507;
"2026-03-30 15:40:00";38653;
"2026-03-30 15:50:00";37983;
"2026-03-30 16:00:00";37326;
"2026-03-30 16:10:00";36327;
"2026-03-30 16:20:00";35569;
"2026-03-30 16:30:00";34948;
"2026-03-30 16:40:00";34491;
"2026-03-30 16:50:00";34073;
"2026-03-30 17:00:00";33891;
"2026-03-30 17:10:00";33575;
"2026-03-30 17:20:00";33438;
"2026-03-30 17:30:00";33327;
"2026-03-30 17:40:00";33202;
"2026-03-30 17:50:00";33221;
"2026-03-30 18:00:00";33058;
"2026-03-30 18:10:00";32874;
"2026-03-30 18:20:00";32897;
"2026-03-30 18:30:00";32923;
"2026-03-30 18:40:00";32759;
"2026-03-30 18:50:00";32820;
"2026-03-30 19:00:00";32757;
"2026-03-30 19:10:00";32474;
"2026-03-30 19:20:00";32616;
"2026-03-30 19:30:00";32663;
"2026-03-30 19:40:00";32749;
"2026-03-30 19:50:00";32713;
"2026-03-30 20:00:00";32467;
"2026-03-30 20:10:00";32247;
"2026-03-30 20:20:00";31947;
"2026-03-30 20:30:00";31804;
"2026-03-30 20:40:00";31328;
"2026-03-30 20:50:00";30956;
"2026-03-30 21:00:00";30573;
"2026-03-30 21:10:00";29885;
"2026-03-30 21:20:00";29352;
"2026-03-30 21:30:00";28798;
"2026-03-30 21:40:00";28400;
"2026-03-30 21:50:00";28030;
"2026-03-30 22:00:00";27570;
"2026-03-30 22:10:00";27067;
"2026-03-30 22:20:00";26699;
"2026-03-30 22:30:00";26472;
"2026-03-30 22:40:00";26020;
"2026-03-30 22:50:00";25796;
"2026-03-30 23:00:00";25604;
"2026-03-30 23:10:00";25316;
"2026-03-30 23:20:00";25188;
"2026-03-30 23:30:00";25061;
"2026-03-30 23:40:00";24971;
"2026-03-30 23:50:00";25008;
"2026-03-31 00:00:00";25062;30110
"2026-03-31 00:10:00";25240;
"2026-03-31 00:20:00";25363;
"2026-03-31 00:30:00";25452;
"2026-03-31 00:40:00";25624;
"2026-03-31 00:50:00";25702;
"2026-03-31 01:00:00";25854;30012
"2026-03-31 01:10:00";25940;
"2026-03-31 01:20:00";26038;
"2026-03-31 01:30:00";26143;
"2026-03-31 01:40:00";26203;
"2026-03-31 01:50:00";26289;
"2026-03-31 02:00:00";26352;29937
"2026-03-31 02:10:00";26326;
"2026-03-31 02:20:00";26345;
"2026-03-31 02:30:00";26304;
"2026-03-31 02:40:00";26361;
"2026-03-31 02:50:00";26241;
"2026-03-31 03:00:00";26116;29893
"2026-03-31 03:10:00";25832;
"2026-03-31 03:20:00";25707;
"2026-03-31 03:30:00";25402;
"2026-03-31 03:40:00";25018;
"2026-03-31 03:50:00";24779;
"2026-03-31 04:00:00";24570;29887
"2026-03-31 04:10:00";24414;
"2026-03-31 04:20:00";24588;
"2026-03-31 04:30:00";24653;
"2026-03-31 04:40:00";24924;
"2026-03-31 04:50:00";24808;
"2026-03-31 05:00:00";24604;29877
"2026-03-31 05:10:00";24211;
"2026-03-31 05:20:00";23836;
"2026-03-31 05:30:00";23438;
"2026-03-31 05:40:00";22854;
"2026-03-31 05:50:00";22237;
"2026-03-31 06:00:00";21947;29884
"2026-03-31 06:10:00";21565;
"2026-03-31 06:20:00";21229;
"2026-03-31 06:30:00";21041;
"2026-03-31 06:40:00";20793;
"2026-03-31 06:50:00";20859;
"2026-03-31 07:00:00";20849;29914
"2026-03-31 07:10:00";20745;
"2026-03-31 07:20:00";20832;
"2026-03-31 07:30:00";20897;
"2026-03-31 07:40:00";21028;
"2026-03-31 07:50:00";21358;
"2026-03-31 08:00:00";21504;29951
"2026-03-31 08:10:00";21778;
"2026-03-31 08:20:00";22131;
"2026-03-31 08:30:00";22465;
"2026-03-31 08:40:00";22801;
"2026-03-31 08:50:00";23194;
"2026-03-31 09:00:00";23393;29987
"2026-03-31 09:10:00";23737;
"2026-03-31 09:20:00";23950;
"2026-03-31 09:30:00";24201;
"2026-03-31 09:40:00";24472;
"2026-03-31 09:50:00";24811;
"2026-03-31 10:00:00";24968;29989
"2026-03-31 10:10:00";25118;
"2026-03-31 10:20:00";25408;
"2026-03-31 10:30:00";25647;
"2026-03-31 10:40:00";25958;
"2026-03-31 10:50:00";26441;
"2026-03-31 11:00:00";26884;29978
"2026-03-31 11:10:00";27618;
"2026-03-31 11:20:00";28308;
"2026-03-31 11:30:00";28976;
"2026-03-31 11:40:00";29788;
"2026-03-31 11:50:00";30517;
"2026-03-31 12:00:00";31455;29973
"2026-03-31 12:10:00";32251;
"2026-03-31 12:20:00";33350;
"2026-03-31 12:30:00";34335;
"2026-03-31 12:40:00";35400;
"2026-03-31 12:50:00";36427;
"2026-03-31 13:00:00";37243;29944
"2026-03-31 13:10:00";38086;
"2026-03-31 13:20:00";38937;
"2026-03-31 13:30:00";39638;
"2026-03-31 13:40:00";40425;
"2026-03-31 13:50:00";41098;
"2026-03-31 14:00:00";41500;29907
"2026-03-31 14:10:00";41782;
"2026-03-31 14:20:00";42011;
"2026-03-31 14:30:00";42067;
"2026-03-31 14:40:00";41956;
"2026-03-31 14:50:00";41808;
"2026-03-31 15:00:00";41266;29864
"2026-03-31 15:10:00";40132;
"2026-03-31 15:20:00";39543;29864